date,storage,outflow,elevation
2014-05-01,13864.73,399.653,333.573
2014-05-02,13839.815,529.571,333.503
2014-05-03,13811.669,513.977,333.424
2014-05-04,13796.531,421.696,333.381
2014-05-05,13771.662,500.359,333.311
2014-05-06,13747.914,443.453,333.244
2014-05-07,13736.044,411.701,333.21
2014-05-08,13711.23,468.605,333.14
2014-05-09,13702.616,375.124,333.116
2014-05-10,13688.617,425.724,333.076
2014-05-11,13674.618,301.804,333.037
2014-05-12,13656.318,467.379,332.985
2014-05-13,13626.222,513.78,332.9
2014-05-14,13595.074,623.423,332.811
2014-05-15,13557.531,592.353,332.704
2014-05-16,13521.126,659.824,332.601
2014-05-17,13499.718,529.856,332.54
2014-05-18,13480.484,389.175,332.485
2014-05-19,13461.252,432.776,332.43
2014-05-20,13437.76,452.073,332.363
2014-05-21,13404.7,646.605,332.269
2014-05-22,13359.982,712.846,332.141
2014-05-23,13331.268,558.693,332.058
2014-05-24,13316.4,419.727,332.016
2014-05-25,13289.849,485.997,331.939
2014-05-26,13266.524,471.95,331.872
2014-05-27,13248.508,414.729,331.821
2014-05-28,13218.862,549.042,331.735
2014-05-29,13182.904,635.73,331.632
2014-05-30,13142.794,688.95,331.516
2014-05-31,13122.749,461.523,331.458
2014-06-01,13108.002,396.37,331.415
2014-06-02,13087.988,466.439,331.357
2014-06-03,13061.679,464.497,331.281
2014-06-04,13039.605,476.434,331.217
2014-06-05,13024.888,486.965,331.174
2014-06-06,13010.196,456.501,331.132
2014-06-07,13004.952,337.75,331.116
2014-06-08,13004.952,376.3,331.116
2014-06-09,12992.364,366.618,331.08
2014-06-10,12976.63,409.534,331.034
2014-06-11,12950.442,514.435,330.958
2014-06-12,12923.22,557.206,330.879
2014-06-13,12897.093,539.532,330.802
2014-06-14,12889.781,423.232,330.781
2014-06-15,12870.98,469.837,330.726
2014-06-16,12850.117,425.866,330.665
2014-06-17,12840.735,427.718,330.638
2014-06-18,12826.139,382.208,330.595
2014-06-19,12815.714,457.044,330.565
2014-06-20,12804.263,452.388,330.531
2014-06-21,12793.86,391.37,330.501
2014-06-22,12790.739,322.788,330.492
2014-06-23,12776.175,445.196,330.449
2014-06-24,12755.38,465.78,330.388
2014-06-25,12721.122,646.318,330.287
2014-06-26,12686.907,658.512,330.187
2014-06-27,12663.076,566.291,330.117
2014-06-28,12649.624,421.323,330.077
2014-06-29,12636.186,453.419,330.037
2014-06-30,12621.715,438.939,329.995
2014-07-01,12607.244,425.409,329.952
2014-07-02,12588.669,505.1,329.897
2014-07-03,12561.846,552.752,329.818
2014-07-04,12564.941,319.563,329.827
2014-07-05,12567.004,399.339,329.833
2014-07-06,12565.972,361.563,329.83
2014-07-07,12542.268,496.277,329.76
2014-07-08,12543.298,428.713,329.763
2014-07-09,12538.15,439.854,329.748
2014-07-10,12540.209,388.875,329.754
2014-07-11,12529.915,523.125,329.723
2014-07-12,12536.091,325.077,329.742
2014-07-13,12543.298,387.544,329.763
2014-07-14,12522.708,487.106,329.702
2014-07-15,12512.414,476.119,329.672
2014-07-16,12506.237,393.575,329.653
2014-07-17,12499.037,402.837,329.632
2014-07-18,12492.872,468.452,329.614
2014-07-19,12487.734,440.084,329.599
2014-07-20,12489.789,308.029,329.605
2014-07-21,12480.542,451.431,329.577
2014-07-22,12468.212,498.177,329.541
2014-07-23,12458.965,437.325,329.513
2014-07-24,12453.827,449.634,329.498
2014-07-25,12448.695,441.839,329.483
2014-07-26,12439.469,451.264,329.455
2014-07-27,12443.569,342.376,329.467
2014-07-28,12435.369,445.363,329.443
2014-07-29,12428.194,436.373,329.422
2014-07-30,12418.969,455.374,329.394
2014-07-31,12409.744,521.501,329.367
2014-08-01,12391.309,528.281,329.312
2014-08-02,12397.447,325.543,329.33
2014-08-03,12400.519,302.474,329.339
2014-08-04,12406.669,419.856,329.358
2014-08-05,12406.669,370.871,329.358
2014-08-06,12402.569,413.745,329.346
2014-08-07,12398.471,387.203,329.333
2014-08-08,12389.263,505.87,329.306
2014-08-09,12382.102,446.393,329.285
2014-08-10,12376.986,495.863,329.269
2014-08-11,12379.033,363.177,329.275
2014-08-12,12367.779,368.659,329.242
2014-08-13,12378.01,342.046,329.272
2014-08-14,12381.079,334.466,329.282
2014-08-15,12379.033,392.515,329.275
2014-08-16,12384.148,333.027,329.291
2014-08-17,12388.24,320.39,329.303
2014-08-18,12387.217,382.936,329.3
2014-08-19,12401.544,222.699,329.342
2014-08-20,12414.869,241.441,329.382
2014-08-21,12410.769,376.868,329.37
2014-08-22,12417.944,314.735,329.391
2014-08-23,12430.244,245.681,329.428
2014-08-24,12439.469,271.68,329.455
2014-08-25,12445.62,265.884,329.474
2014-08-26,12449.72,279.29,329.486
2014-08-27,12454.855,277.332,329.501
2014-08-28,12465.129,313.026,329.531
2014-08-29,12476.432,288.769,329.565
2014-08-30,12493.899,159.21,329.617
2014-08-31,12507.266,206.362,329.656
2014-09-01,12518.59,244.354,329.69
2014-09-02,12521.679,295.121,329.699
2014-09-03,12519.62,310.399,329.693
2014-09-04,12515.502,316.25,329.681
2014-09-05,12498.009,465.252,329.629
2014-09-06,12490.817,401.794,329.608
2014-09-07,12481.569,450.293,329.58
2014-09-08,12486.707,225.881,329.595
2014-09-09,12493.899,263.557,329.617
2014-09-10,12496.982,347.087,329.626
2014-09-11,12487.734,398.211,329.599
2014-09-12,12494.927,252.65,329.62
2014-09-13,12501.092,241.211,329.638
2014-09-14,12504.178,268.894,329.647
2014-09-15,12501.092,333.968,329.638
2014-09-16,12486.707,432.248,329.595
2014-09-17,12466.157,487.396,329.535
2014-09-18,12453.827,429.49,329.498
2014-09-19,12453.827,316.263,329.498
2014-09-20,12447.67,359.253,329.48
2014-09-21,12455.882,235.289,329.504
2014-09-22,12453.827,277.276,329.498
2014-09-23,12455.882,288.626,329.504
2014-09-24,12443.569,414.69,329.467
2014-09-25,12441.519,300.747,329.461
2014-09-26,12446.645,245.183,329.477
2014-09-27,12469.239,197.214,329.544
2014-09-28,12488.762,233.076,329.602
2014-09-29,12490.817,312.212,329.608
2014-09-30,12484.652,446.421,329.589
2014-10-01,12490.817,197.97,329.608
2014-10-02,12494.927,233.759,329.62
2014-10-03,12502.119,247.092,329.641
2014-10-04,12508.296,235.978,329.659
2014-10-05,12518.59,172.03,329.69
2014-10-06,12518.59,317.777,329.69
2014-10-07,12508.296,362.506,329.659
2014-10-08,12494.927,343.681,329.62
2014-10-09,12502.119,231.66,329.641
2014-10-10,12508.296,191.133,329.659
2014-10-11,12521.679,128.642,329.699
2014-10-12,12536.091,131.887,329.742
2014-10-13,12533.003,287.902,329.733
2014-10-14,12529.915,321.347,329.723
2014-10-15,12528.885,235.829,329.72
2014-10-16,12536.091,199.882,329.742
2014-10-17,12549.474,117.051,329.781
2014-10-18,12562.877,108.829,329.821
2014-10-19,12580.416,106.491,329.873
2014-10-20,12588.669,155.995,329.897
2014-10-21,12592.796,166.564,329.909
2014-10-22,12603.113,222.355,329.94
2014-10-23,12607.244,204.296,329.952
2014-10-24,12609.311,256.373,329.958
2014-10-25,12611.378,241.101,329.964
2014-10-26,12619.648,215.758,329.989
2014-10-27,12620.681,211.42,329.992
2014-10-28,12619.648,305.097,329.989
2014-10-29,12619.648,198.43,329.989
2014-10-30,12626.883,202.154,330.01
2014-10-31,12635.152,185.005,330.034
2014-11-01,12637.22,199.511,330.04
2014-11-02,12638.253,304.829,330.044
2014-11-03,12636.186,280.573,330.037
2014-11-04,12627.917,327.099,330.013
2014-11-05,12613.446,408.262,329.97
2014-11-06,12585.574,527.113,329.888
2014-11-07,12574.226,384.204,329.855
2014-11-08,12573.194,255.977,329.852
2014-11-09,12579.384,192.546,329.87
2014-11-10,12576.289,249.379,329.861
2014-11-11,12571.131,277.45,329.845
2014-11-12,12582.479,370.616,329.879
2014-11-13,12638.253,344.19,330.044
2014-11-14,12716.97,415.954,330.275
2014-11-15,12783.457,369.816,330.47
2014-11-16,12827.182,377.986,330.598
2014-11-17,12834.479,431.763,330.62
2014-11-18,12826.139,391.043,330.595
2014-11-19,12790.739,390.819,330.492
2014-11-20,12781.377,302.331,330.464
2014-11-21,12784.497,247.236,330.473
2014-11-22,12782.417,225.342,330.467
2014-11-23,12783.457,241.414,330.47
2014-11-24,12800.102,369.931,330.519
2014-11-25,12759.532,351.586,330.4
2014-11-26,12750.189,362.162,330.373
2014-11-27,12753.303,204.34,330.382
2014-11-28,12747.075,334.654,330.364
2014-11-29,12733.58,346.62,330.324
2014-11-30,12715.932,437.928,330.272
2014-12-01,12724.237,183.597,330.297
2014-12-02,12727.351,195.886,330.306
2014-12-03,12736.694,237.486,330.333
2014-12-04,12756.418,189.692,330.391
2014-12-05,12769.933,245.783,330.431
2014-12-06,12789.699,230.02,330.489
2014-12-07,12801.143,283.356,330.522
2014-12-08,12814.671,224.598,330.562
2014-12-09,12829.267,226.264,330.604
2014-12-10,12846.99,234.619,330.656
2014-12-11,12864.713,215.571,330.708
2014-12-12,12883.514,228.88,330.763
2014-12-13,12898.137,230.206,330.806
2014-12-14,12914.849,235.547,330.854
2014-12-15,12928.455,241.77,330.894
2014-12-16,12949.395,176.059,330.955
2014-12-17,12969.287,157.282,331.013
2014-12-18,12994.462,161.895,331.086
2014-12-19,13014.392,201.025,331.144
2014-12-20,13032.247,197.847,331.196
2014-12-21,13048.014,225.668,331.241
2014-12-22,13065.884,247.009,331.293
2014-12-23,13072.191,276.873,331.312
2014-12-24,13081.667,194.63,331.339
2014-12-25,13098.521,196.874,331.388
2014-12-26,13105.895,319.679,331.409
2014-12-27,13115.376,286.427,331.436
2014-12-28,13128.018,247.666,331.473
2014-12-29,13139.627,267.096,331.507
2014-12-30,13156.513,204.492,331.555
2014-12-31,13157.569,276.204,331.558
2015-01-01,13169.178,291.38,331.592
2015-01-02,13169.178,399.024,331.592
2015-01-03,13175.51,319.976,331.61
2015-01-04,13181.847,309.94,331.628
2015-01-05,13188.192,352.799,331.647
2015-01-06,13197.71,266.771,331.674
2015-01-07,13204.056,305.512,331.693
2015-01-08,13210.401,336.008,331.711
2015-01-09,13216.747,338.82,331.729
2015-01-10,13230.495,283.587,331.769
2015-01-11,13248.508,266.651,331.821
2015-01-12,13253.807,359.122,331.836
2015-01-13,13253.807,366.476,331.836
2015-01-14,13250.627,426.948,331.827
2015-01-15,13252.747,406.436,331.833
2015-01-16,13264.405,261.515,331.866
2015-01-17,13278.182,279.473,331.906
2015-01-18,13297.283,240.728,331.961
2015-01-19,13304.717,357.705,331.982
2015-01-20,13303.655,371.387,331.979
2015-01-21,13314.276,276.977,332.009
2015-01-22,13304.717,490.351,331.982
2015-01-23,13301.531,454.643,331.973
2015-01-24,13302.593,417.685,331.976
2015-01-25,13300.469,431.417,331.97
2015-01-26,13284.541,557.137,331.924
2015-01-27,13272.883,588.887,331.891
2015-01-28,13254.867,579.578,331.839
2015-01-29,13242.149,578.18,331.802
2015-01-30,13232.611,547.398,331.775
2015-01-31,13233.67,422.423,331.778
2015-02-01,13246.388,256.247,331.814
2015-02-02,13251.687,338.904,331.83
2015-02-03,13259.106,311.984,331.851
2015-02-04,13256.986,343.935,331.845
2015-02-05,13256.986,332.957,331.845
2015-02-06,13260.166,316.137,331.854
2015-02-07,13263.345,301.586,331.863
2015-02-08,13269.704,303.273,331.881
2015-02-09,13272.883,268.125,331.891
2015-02-10,13271.823,286.729,331.888
2015-02-11,13268.644,353.971,331.878
2015-02-12,13262.285,383.594,331.86
2015-02-13,13265.465,291.365,331.869
2015-02-14,13275.003,223.797,331.897
2015-02-15,13285.601,200.956,331.927
2015-02-16,13291.973,253.647,331.945
2015-02-17,13288.787,301.076,331.936
2015-02-18,13283.481,323.764,331.921
2015-02-19,13283.481,332.184,331.921
2015-02-20,13279.242,335.311,331.909
2015-02-21,13279.242,344.663,331.909
2015-02-22,13277.122,340.893,331.903
2015-02-23,13279.242,322.778,331.909
2015-02-24,13282.422,263.986,331.918
2015-02-25,13281.362,304.743,331.915
2015-02-26,13281.362,337.836,331.915
2015-02-27,13278.182,308.817,331.906
2015-02-28,13283.481,285.002,331.921
2015-03-01,13282.422,354.537,331.918
2015-03-02,13276.063,442.854,331.9
2015-03-03,13269.704,456.357,331.881
2015-03-04,13249.568,531.196,331.824
2015-03-05,13227.323,579.266,331.76
2015-03-06,13198.768,632.147,331.677
2015-03-07,13180.789,522.503,331.625
2015-03-08,13177.621,419.013,331.616
2015-03-09,13171.288,433.805,331.598
2015-03-10,13164.956,403.037,331.58
2015-03-11,13150.181,464.883,331.537
2015-03-12,13138.572,455.89,331.504
2015-03-13,13128.018,445.013,331.473
2015-03-14,13117.483,444.57,331.443
2015-03-15,13104.842,478.719,331.406
2015-03-16,13092.201,485.61,331.369
2015-03-17,13078.507,452.517,331.33
2015-03-18,13060.628,490.284,331.278
2015-03-19,13037.502,548.17,331.211
2015-03-20,13003.903,672.09,331.113
2015-03-21,12989.217,448.95,331.071
2015-03-22,12977.679,436.688,331.037
2015-03-23,12963.005,471.018,330.995
2015-03-24,12945.207,456.831,330.943
2015-03-25,12923.22,530.653,330.879
2015-03-26,12906.493,518.643,330.83
2015-03-27,12887.692,512.453,330.775
2015-03-28,12879.336,410.373,330.751
2015-03-29,12876.202,361.919,330.742
2015-03-30,12864.713,493.936,330.708
2015-03-31,12851.16,407.704,330.668
2015-04-01,12842.82,394.873,330.644
2015-04-02,12832.394,479.675,330.614
2015-04-03,12799.062,654.428,330.516
2015-04-04,12778.256,534.04,330.455
2015-04-05,12766.812,408.062,330.421
2015-04-06,12753.303,476.317,330.382
2015-04-07,12724.237,462.511,330.297
2015-04-08,12705.557,549.972,330.242
2015-04-09,12682.762,546.3,330.175
2015-04-10,12654.792,630.317,330.092
2015-04-11,12641.354,426.291,330.053
2015-04-12,12618.614,523.258,329.986
2015-04-13,12592.796,584.945,329.909
2015-04-14,12577.321,520.414,329.864
2015-04-15,12544.327,585.132,329.766
2015-04-16,12517.561,605.919,329.687
2015-04-17,12501.092,456.631,329.638
2015-04-18,12491.844,401.336,329.611
2015-04-19,12480.542,414.114,329.577
2015-04-20,12461.02,527.425,329.519
2015-04-21,12441.519,475.663,329.461
2015-04-22,12421.019,502.643,329.4
2015-04-23,12400.519,568.356,329.339
2015-04-24,12376.986,499.476,329.269
2015-04-25,12374.94,365.86,329.263
2015-04-26,12361.641,380.494,329.224
2015-04-27,12335.07,598.408,329.144
2015-04-28,12312.612,521.433,329.077
2015-04-29,12288.13,684.639,329.004
2015-04-30,12249.414,741.421,328.888
2015-05-01,12232.124,496.048,328.837
2015-05-02,12232.124,281.684,328.837
2015-05-03,12241.274,225.864,328.864
2015-05-04,12229.074,399.313,328.827
2015-05-05,12225.008,426.719,328.815
2015-05-06,12200.608,517.521,328.742
2015-05-07,12177.261,509.767,328.672
2015-05-08,12154.939,607.132,328.605
2015-05-09,12145.807,411.276,328.577
2015-05-10,12139.73,412.029,328.559
2015-05-11,12124.543,522.628,328.513
2015-05-12,12105.307,475.001,328.456
2015-05-13,12074.971,595.983,328.364
2015-05-14,12048.699,585.773,328.285
2015-05-15,12034.573,446.595,328.242
2015-05-16,12039.614,293.737,328.257
2015-05-17,12041.63,316.438,328.264
2015-05-18,12034.573,377.752,328.242
2015-05-19,12036.589,334.823,328.248
2015-05-20,12025.498,396.984,328.215
2015-05-21,12021.465,393.402,328.203
2015-05-22,12013.4,387.005,328.178
2015-05-23,12018.441,313.84,328.193
2015-05-24,12023.986,266.984,328.21
2015-05-25,12028.523,251.551,328.224
2015-05-26,12020.457,404.164,328.199
2015-05-27,12012.391,361.508,328.175
2015-05-28,12003.317,386.503,328.148
2015-05-29,11998.276,388.689,328.132
2015-05-30,11996.259,355.685,328.126
2015-05-31,12000.292,290.782,328.139
2015-06-01,11987.197,416.427,328.099
2015-06-02,11979.147,394.598,328.075
2015-06-03,11982.166,368.714,328.084
2015-06-04,11965.059,516.862,328.032
2015-06-05,11945.94,556.407,327.974
2015-06-06,11944.933,387.933,327.971
2015-06-07,11938.905,448.034,327.953
2015-06-08,11927.86,483.743,327.919
2015-06-09,11920.832,411.79,327.898
2015-06-10,11917.82,391.088,327.889
2015-06-11,11908.783,477.962,327.861
2015-06-12,11892.718,542.031,327.812
2015-06-13,11888.711,463.126,327.8
2015-06-14,11890.715,337.666,327.806
2015-06-15,11883.702,391.844,327.785
2015-06-16,11872.682,426.236,327.751
2015-06-17,11855.651,552.281,327.7
2015-06-18,11850.641,447.44,327.684
2015-06-19,11849.64,385.308,327.681
2015-06-20,11851.643,339.576,327.687
2015-06-21,11855.651,333.112,327.7
2015-06-22,11849.64,395.457,327.681
2015-06-23,11841.627,450.949,327.657
2015-06-24,11833.626,427.275,327.633
2015-06-25,11823.625,500.058,327.602
2015-06-26,11813.624,462.254,327.572
2015-06-27,11826.625,240.66,327.611
2015-06-28,11836.626,229.437,327.642
2015-06-29,11850.641,287.211,327.684
2015-06-30,11850.641,329.583,327.684
2015-07-01,11835.626,492.205,327.639
2015-07-02,11823.625,543.559,327.602
2015-07-03,11824.625,449.908,327.605
2015-07-04,11855.651,170.904,327.7
2015-07-05,11875.687,208.208,327.761
2015-07-06,11881.698,339.206,327.779
2015-07-07,11891.716,375.268,327.809
2015-07-08,11903.763,369.742,327.846
2015-07-09,11906.775,408.517,327.855
2015-07-10,11908.783,436.158,327.861
2015-07-11,11916.816,379.322,327.886
2015-07-12,11921.836,409.089,327.901
2015-07-13,11932.88,334.423,327.934
2015-07-14,11938.905,351.041,327.953
2015-07-15,11949.965,353.667,327.986
2015-07-16,11945.94,512.552,327.974
2015-07-17,11936.897,523.816,327.947
2015-07-18,11943.927,428.336,327.968
2015-07-19,11943.927,521.118,327.968
2015-07-20,11957.009,437.8,328.007
2015-07-21,11969.084,345.558,328.044
2015-07-22,11984.178,326.331,328.09
2015-07-23,11992.228,361.761,328.114
2015-07-24,12011.383,256.503,328.172
2015-07-25,12036.589,202.955,328.248
2015-07-26,12062.846,172.872,328.328
2015-07-27,12085.076,183.911,328.395
2015-07-28,12106.32,227.251,328.459
2015-07-29,12117.456,293.678,328.492
2015-07-30,12127.581,314.293,328.523
2015-07-31,12160.012,225.052,328.62
2015-08-01,12177.261,265.44,328.672
2015-08-02,12200.608,221.566,328.742
2015-08-03,12202.642,324.175,328.748
2015-08-04,12199.592,341.692,328.739
2015-08-05,12187.408,502.928,328.702
2015-08-06,12178.276,597.494,328.675
2015-08-07,12160.012,491.122,328.62
2015-08-08,12164.071,322.705,328.632
2015-08-09,12174.217,308.785,328.663
2015-08-10,12173.203,390.211,328.66
2015-08-11,12171.173,382.254,328.654
2015-08-12,12165.085,465.269,328.635
2015-08-13,12162.042,408.991,328.626
2015-08-14,12161.027,443.012,328.623
2015-08-15,12166.1,343.262,328.638
2015-08-16,12169.144,344.82,328.648
2015-08-17,12170.159,366.09,328.651
2015-08-18,12169.144,334.74,328.648
2015-08-19,12172.188,266.141,328.657
2015-08-20,12172.188,345.961,328.657
2015-08-21,12162.042,448.922,328.626
2015-08-22,12161.027,409.889,328.623
2015-08-23,12153.924,445.311,328.602
2015-08-24,12151.895,362.634,328.596
2015-08-25,12153.924,383.477,328.602
2015-08-26,12152.91,347.66,328.599
2015-08-27,12149.866,426.993,328.59
2015-08-28,12149.866,356.685,328.59
2015-08-29,12157.983,280.945,328.614
2015-08-30,12169.144,242.3,328.648
2015-08-31,12176.247,289.125,328.669
2015-09-01,12163.056,471.793,328.629
2015-09-02,12160.012,383.251,328.62
2015-09-03,12153.924,386.336,328.602
2015-09-04,12151.895,366.803,328.596
2015-09-05,12156.968,250.462,328.611
2015-09-06,12168.129,229.98,328.645
2015-09-07,12168.129,350.772,328.645
2015-09-08,12155.954,476.291,328.608
2015-09-09,12141.755,479.703,328.565
2015-09-10,12132.643,477.346,328.538
2015-09-11,12126.568,407.918,328.52
2015-09-12,12131.631,301.458,328.535
2015-09-13,12141.755,218.258,328.565
2015-09-14,12137.705,352.854,328.553
2015-09-15,12136.693,318.52,328.55
2015-09-16,12142.767,249.506,328.568
2015-09-17,12150.88,273.595,328.593
2015-09-18,12153.924,338.409,328.602
2015-09-19,12158.998,279.759,328.617
2015-09-20,12157.983,356.598,328.614
2015-09-21,12153.924,365.176,328.602
2015-09-22,12156.968,320.761,328.611
2015-09-23,12151.895,387.648,328.596
2015-09-24,12142.767,464.41,328.568
2015-09-25,12129.606,443.222,328.529
2015-09-26,12142.767,231.919,328.568
2015-09-27,12150.88,230.906,328.593
2015-09-28,12155.954,273.221,328.608
2015-09-29,12158.998,293.853,328.617
2015-09-30,12154.939,339.79,328.605
2015-10-01,12157.983,279.974,328.614
2015-10-02,12173.203,195.515,328.66
2015-10-03,12177.261,273.875,328.672
2015-10-04,12183.349,214.775,328.69
2015-10-05,12196.542,268.382,328.73
2015-10-06,12194.511,286.87,328.724
2015-10-07,12190.452,290.566,328.712
2015-10-08,12181.32,448.938,328.684
2015-10-09,12178.276,351.259,328.675
2015-10-10,12182.335,270.565,328.687
2015-10-11,12190.452,189.804,328.712
2015-10-12,12186.393,352.128,328.699
2015-10-13,12174.217,376.97,328.663
2015-10-14,12169.144,323.534,328.648
2015-10-15,12168.129,291.137,328.645
2015-10-16,12185.379,152.5,328.696
2015-10-17,12196.542,149.39,328.73
2015-10-18,12212.808,132.255,328.779
2015-10-19,12221.958,226.237,328.806
2015-10-20,12235.174,194.841,328.846
2015-10-21,12229.074,313.207,328.827
2015-10-22,12232.124,272.521,328.837
2015-10-23,12234.157,297.962,328.843
2015-10-24,12236.191,310.537,328.849
2015-10-25,12238.224,272.22,328.855
2015-10-26,12250.432,188.59,328.891
2015-10-27,12252.47,242.687,328.897
2015-10-28,12248.395,268.023,328.885
2015-10-29,12254.508,233.076,328.904
2015-10-30,12242.29,367.104,328.867
2015-10-31,12245.34,218.872,328.876
2015-11-01,12250.432,259.7,328.891
2015-11-02,12250.432,195.502,328.891
2015-11-03,12253.489,269.68,328.901
2015-11-04,12258.583,226.908,328.916
2015-11-05,12258.583,304.574,328.916
2015-11-06,12260.621,264.197,328.922
2015-11-07,12256.546,256.662,328.91
2015-11-08,12260.621,241.713,328.922
2015-11-09,12251.451,281.347,328.894
2015-11-10,12253.489,247.922,328.901
2015-11-11,12253.489,255.546,328.901
2015-11-12,12247.376,349.756,328.882
2015-11-13,12241.274,343.077,328.864
2015-11-14,12240.257,279.801,328.861
2015-11-15,12235.174,326.186,328.846
2015-11-16,12235.174,286.642,328.846
2015-11-17,12227.041,325.161,328.821
2015-11-18,12221.958,296.333,328.806
2015-11-19,12215.858,346.49,328.788
2015-11-20,12205.692,381.563,328.757
2015-11-21,12210.775,243.27,328.773
2015-11-22,12215.858,246.652,328.788
2015-11-23,12216.875,258.631,328.791
2015-11-24,12211.893,319.404,328.776
2015-11-25,12205.692,322.519,328.757
2015-11-26,12205.692,305.229,328.757
2015-11-27,12195.525,420.868,328.727
2015-11-28,12184.364,411.775,328.693
2015-11-29,12175.232,362.505,328.666
2015-11-30,12168.129,378.154,328.645
2015-12-01,12168.129,257.919,328.645
2015-12-02,12158.998,368.188,328.617
2015-12-03,12169.144,234.06,328.648
2015-12-04,12185.379,234.288,328.696
2015-12-05,12207.725,139.623,328.763
2015-12-06,12233.141,118.277,328.84
2015-12-07,12251.451,201.699,328.894
2015-12-08,12272.847,176.429,328.958
2015-12-09,12280.998,242.913,328.983
2015-12-10,12293.224,225.224,329.019
2015-12-11,12305.466,308.697,329.056
2015-12-12,12310.571,373.0,329.071
2015-12-13,12305.466,326.986,329.056
2015-12-14,12325.883,265.911,329.117
2015-12-15,12337.112,263.686,329.15
2015-12-16,12338.133,391.415,329.154
2015-12-17,12341.195,355.297,329.163
2015-12-18,12349.364,327.286,329.187
2015-12-19,12360.618,256.131,329.221
2015-12-20,12379.033,242.985,329.275
2015-12-21,12390.286,286.942,329.309
2015-12-22,12395.401,301.717,329.324
2015-12-23,12398.471,310.482,329.333
2015-12-24,12404.619,350.242,329.352
2015-12-25,12406.669,362.421,329.358
2015-12-26,12409.744,341.204,329.367
2015-12-27,12411.794,330.839,329.373
2015-12-28,12412.819,361.908,329.376
2015-12-29,12424.094,284.943,329.41
2015-12-30,12434.344,259.489,329.44
2015-12-31,12441.519,336.094,329.461
2016-01-01,12451.772,255.792,329.492
2016-01-02,12464.102,294.234,329.528
2016-01-03,12474.377,276.791,329.559
2016-01-04,12477.459,286.042,329.568
2016-01-05,12492.872,320.519,329.614
2016-01-06,12504.178,347.845,329.647
2016-01-07,12507.266,377.097,329.656
2016-01-08,12508.296,434.189,329.659
2016-01-09,12512.414,366.861,329.672
2016-01-10,12517.561,364.205,329.687
2016-01-11,12528.885,253.72,329.72
2016-01-12,12542.268,229.006,329.76
2016-01-13,12548.445,305.128,329.778
2016-01-14,12559.782,320.788,329.812
2016-01-15,12563.909,366.931,329.824
2016-01-16,12577.321,333.296,329.864
2016-01-17,12593.828,260.272,329.912
2016-01-18,12607.244,239.328,329.952
2016-01-19,12620.681,231.604,329.992
2016-01-20,12632.051,239.047,330.025
2016-01-21,12641.354,274.733,330.053
2016-01-22,12654.792,311.054,330.092
2016-01-23,12671.365,238.243,330.141
2016-01-24,12683.798,235.632,330.178
2016-01-25,12692.087,321.576,330.202
2016-01-26,12703.485,242.754,330.236
2016-01-27,12704.521,350.902,330.239
2016-01-28,12703.485,437.903,330.236
2016-01-29,12707.629,373.883,330.248
2016-01-30,12720.084,272.121,330.284
2016-01-31,12727.351,283.485,330.306
2016-02-01,12744.999,256.888,330.357
2016-02-02,12752.265,325.743,330.379
2016-02-03,12757.456,301.631,330.394
2016-02-04,12753.303,359.086,330.382
2016-02-05,12756.418,338.964,330.391
2016-02-06,12759.532,305.3,330.4
2016-02-07,12763.691,295.634,330.412
2016-02-08,12767.852,267.808,330.425
2016-02-09,12772.014,276.404,330.437
2016-02-10,12773.054,274.206,330.44
2016-02-11,12768.893,364.848,330.428
2016-02-12,12775.135,312.684,330.446
2016-02-13,12781.377,323.587,330.464
2016-02-14,12784.497,298.364,330.473
2016-02-15,12792.82,316.778,330.498
2016-02-16,12798.022,275.479,330.513
2016-02-17,12799.062,290.339,330.516
2016-02-18,12789.699,477.158,330.489
2016-02-19,12789.699,422.467,330.489
2016-02-20,12794.901,290.15,330.504
2016-02-21,12796.981,372.386,330.51
2016-02-22,12791.78,450.737,330.495
2016-02-23,12787.618,383.208,330.482
2016-02-24,12780.336,423.796,330.461
2016-02-25,12778.256,430.675,330.455
2016-02-26,12778.256,380.283,330.455
2016-02-27,12780.336,357.607,330.461
2016-02-28,12782.417,407.02,330.467
2016-02-29,12778.256,402.436,330.455
2016-03-01,12773.054,371.443,330.44
2016-03-02,12763.691,421.808,330.412
2016-03-03,12751.227,438.468,330.376
2016-03-04,12727.351,587.177,330.306
2016-03-05,12712.818,487.467,330.263
2016-03-06,12716.97,353.954,330.275
2016-03-07,12696.232,517.96,330.214
2016-03-08,12691.051,377.383,330.199
2016-03-09,12674.473,501.317,330.15
2016-03-10,12656.859,524.186,330.098
2016-03-11,12639.287,608.904,330.047
2016-03-12,12638.253,314.11,330.044
2016-03-13,12640.321,285.414,330.05
2016-03-14,12635.152,390.971,330.034
2016-03-15,12618.614,518.219,329.986
2016-03-16,12596.923,589.216,329.922
2016-03-17,12574.226,566.773,329.855
2016-03-18,12561.846,476.7,329.818
2016-03-19,12560.814,360.092,329.815
2016-03-20,12550.504,448.363,329.784
2016-03-21,12543.298,396.924,329.763
2016-03-22,12537.121,411.614,329.745
2016-03-23,12520.649,418.855,329.696
2016-03-24,12512.414,446.653,329.672
2016-03-25,12496.982,488.825,329.626
2016-03-26,12489.789,422.113,329.605
2016-03-27,12483.624,404.193,329.586
2016-03-28,12467.184,466.482,329.538
2016-03-29,12445.62,589.755,329.474
2016-03-30,12410.769,668.807,329.37
2016-03-31,12394.378,530.597,329.321
2016-04-01,12376.986,527.626,329.269
2016-04-02,12368.802,406.962,329.245
2016-04-03,12364.71,403.223,329.233
2016-04-04,12342.216,540.491,329.166
2016-04-05,12323.841,581.107,329.111
2016-04-06,12298.321,556.566,329.035
2016-04-07,12285.073,494.507,328.995
2016-04-08,12269.791,511.821,328.949
2016-04-09,12260.621,489.723,328.922
2016-04-10,12254.508,488.865,328.904
2016-04-11,12239.241,561.176,328.858
2016-04-12,12228.058,486.342,328.824
2016-04-13,12209.758,509.485,328.769
2016-04-14,12193.496,529.595,328.721
2016-04-15,12182.335,391.948,328.687
2016-04-16,12175.232,436.685,328.666
2016-04-17,12167.115,453.849,328.641
2016-04-18,12151.895,499.776,328.596
2016-04-19,12127.581,568.628,328.523
2016-04-20,12104.295,564.818,328.452
2016-04-21,12082.045,589.0,328.385
2016-04-22,12060.825,460.896,328.321
2016-04-23,12063.856,394.327,328.331
2016-04-24,12051.731,424.081,328.294
2016-04-25,12041.63,475.775,328.264
2016-04-26,12026.507,470.492,328.218
2016-04-27,12005.334,557.308,328.154
2016-04-28,11984.178,642.437,328.09
2016-04-29,11968.078,574.984,328.041
2016-04-30,11956.002,475.418,328.004
2016-05-01,11952.984,372.071,327.995
2016-05-02,11932.88,563.218,327.934
2016-05-03,11920.832,459.701,327.898
2016-05-04,11910.791,439.312,327.867
2016-05-05,11899.747,434.858,327.834
2016-05-06,11886.707,465.351,327.794
2016-05-07,11892.718,279.359,327.812
2016-05-08,11897.739,273.779,327.828
2016-05-09,11890.715,420.141,327.806
2016-05-10,11876.689,506.642,327.764
2016-05-11,11861.661,483.485,327.718
2016-05-12,11856.652,381.793,327.703
2016-05-13,11850.641,398.854,327.684
2016-05-14,11843.629,397.997,327.663
2016-05-15,11838.626,352.641,327.648
2016-05-16,11837.626,422.239,327.645
2016-05-17,11824.625,444.667,327.605
2016-05-18,11810.623,434.5,327.562
2016-05-19,11794.622,512.408,327.514
2016-05-20,11777.657,472.29,327.462
2016-05-21,11774.664,325.543,327.453
2016-05-22,11779.652,277.988,327.468
2016-05-23,11770.673,398.981,327.441
2016-05-24,11759.699,426.705,327.407
2016-05-25,11745.732,416.323,327.364
2016-05-26,11746.73,364.151,327.367
2016-05-27,11741.744,383.177,327.352
2016-05-28,11740.748,348.485,327.349
2016-05-29,11740.748,338.664,327.349
2016-05-30,11736.765,361.648,327.337
2016-05-31,11722.826,501.343,327.294
2016-06-01,11705.9,427.265,327.242
2016-06-02,11680.038,595.939,327.163
2016-06-03,11672.089,470.451,327.139
2016-06-04,11663.145,457.343,327.111
2016-06-05,11668.114,350.884,327.127
2016-06-06,11663.145,413.802,327.111
2016-06-07,11658.177,382.279,327.096
2016-06-08,11650.227,436.116,327.072
2016-06-09,11637.323,481.311,327.032
2016-06-10,11628.4,469.75,327.005
2016-06-11,11622.451,465.394,326.986
2016-06-12,11617.493,412.101,326.971
2016-06-13,11613.528,380.979,326.959
2016-06-14,11613.528,356.31,326.959
2016-06-15,11608.57,371.073,326.944
2016-06-16,11603.613,428.692,326.928
2016-06-17,11594.69,479.728,326.901
2016-06-18,11592.709,373.541,326.895
2016-06-19,11592.709,433.689,326.895
2016-06-20,11578.856,538.02,326.852
2016-06-21,11567.971,425.036,326.819
2016-06-22,11561.045,455.715,326.797
2016-06-23,11554.118,439.44,326.776
2016-06-24,11547.192,445.754,326.755
2016-06-25,11546.202,392.143,326.752
2016-06-26,11545.213,382.781,326.749
2016-06-27,11533.363,499.954,326.712
2016-06-28,11527.439,410.389,326.694
2016-06-29,11522.503,555.369,326.679
2016-06-30,11508.681,402.165,326.636
2016-07-01,11505.719,474.245,326.627
2016-07-02,11524.478,272.85,326.685
2016-07-03,11535.338,247.451,326.718
2016-07-04,11550.16,260.143,326.764
2016-07-05,11555.108,315.039,326.779
2016-07-06,11552.139,380.194,326.77
2016-07-07,11546.202,414.642,326.752
2016-07-08,11533.363,620.493,326.712
2016-07-09,11523.49,516.817,326.682
2016-07-10,11523.49,468.296,326.682
2016-07-11,11532.376,323.46,326.709
2016-07-12,11537.312,321.107,326.724
2016-07-13,11541.261,364.117,326.736
2016-07-14,11540.274,460.14,326.733
2016-07-15,11543.236,410.015,326.743
2016-07-16,11553.129,312.153,326.773
2016-07-17,11564.013,290.694,326.807
2016-07-18,11565.992,394.413,326.813
2016-07-19,11567.971,345.503,326.819
2016-07-20,11567.971,464.654,326.819
2016-07-21,11554.118,566.072,326.776
2016-07-22,11553.129,442.48,326.773
2016-07-23,11554.118,444.578,326.776
2016-07-24,11564.013,345.748,326.807
2016-07-25,11561.045,460.844,326.797
2016-07-26,11558.076,433.403,326.788
2016-07-27,11558.076,412.689,326.788
2016-07-28,11561.045,425.677,326.797
2016-07-29,11571.929,329.327,326.831
2016-07-30,11595.681,188.808,326.904
2016-07-31,11618.485,158.581,326.974
2016-08-01,11621.459,350.101,326.983
2016-08-02,11626.417,309.939,326.999
2016-08-03,11632.365,327.572,327.017
2016-08-04,11646.253,331.256,327.06
2016-08-05,11664.139,275.908,327.114
2016-08-06,11672.089,329.013,327.139
2016-08-07,11681.032,323.332,327.166
2016-08-08,11696.939,269.997,327.215
2016-08-09,11702.913,273.15,327.233
2016-08-10,11705.9,342.916,327.242
2016-08-11,11715.857,353.728,327.273
2016-08-12,11721.831,375.254,327.291
2016-08-13,11734.774,310.999,327.331
2016-08-14,11738.757,365.887,327.343
2016-08-15,11738.757,367.688,327.343
2016-08-16,11752.716,253.319,327.386
2016-08-17,11750.721,370.426,327.38
2016-08-18,11751.718,418.401,327.383
2016-08-19,11757.704,308.01,327.401
2016-08-20,11767.68,259.214,327.431
2016-08-21,11786.636,238.76,327.489
2016-08-22,11804.623,292.684,327.544
2016-08-23,11803.623,334.412,327.541
2016-08-24,11800.622,408.375,327.532
2016-08-25,11799.622,435.973,327.529
2016-08-26,11810.623,305.217,327.562
2016-08-27,11824.625,251.38,327.605
2016-08-28,11842.627,236.475,327.66
2016-08-29,11850.641,314.397,327.684
2016-08-30,11848.638,406.275,327.678
2016-08-31,11859.658,264.625,327.712
2016-09-01,11861.661,428.162,327.718
2016-09-02,11862.663,362.349,327.721
2016-09-03,11868.674,297.618,327.739
2016-09-04,11870.678,268.112,327.745
2016-09-05,11872.682,304.931,327.751
2016-09-06,11860.66,470.992,327.715
2016-09-07,11853.647,386.976,327.694
2016-09-08,11846.634,379.451,327.672
2016-09-09,11832.626,495.518,327.63
2016-09-10,11828.625,371.686,327.617
2016-09-11,11834.626,228.41,327.636
2016-09-12,11834.626,351.813,327.636
2016-09-13,11835.626,289.496,327.639
2016-09-14,11829.625,334.668,327.62
2016-09-15,11824.625,387.891,327.605
2016-09-16,11817.624,422.595,327.584
2016-09-17,11822.625,284.498,327.599
2016-09-18,11825.625,299.263,327.608
2016-09-19,11820.624,391.003,327.593
2016-09-20,11813.624,439.555,327.572
2016-09-21,11793.622,528.686,327.511
2016-09-22,11797.622,303.299,327.523
2016-09-23,11807.623,235.132,327.553
2016-09-24,11813.624,313.952,327.572
2016-09-25,11821.624,247.213,327.596
2016-09-26,11831.626,245.779,327.626
2016-09-27,11839.626,210.673,327.651
2016-09-28,11846.634,247.754,327.672
2016-09-29,11858.656,251.338,327.709
2016-09-30,11865.669,249.892,327.73
2016-10-01,11868.674,284.97,327.739
2016-10-02,11878.693,198.658,327.77
2016-10-03,11889.713,196.073,327.803
2016-10-04,11897.739,179.111,327.828
2016-10-05,11900.751,219.454,327.837
2016-10-06,11897.739,313.409,327.828
2016-10-07,11899.747,273.851,327.834
2016-10-08,11899.747,274.292,327.834
2016-10-09,11901.755,251.19,327.84
2016-10-10,11897.739,294.378,327.828
2016-10-11,11901.755,230.35,327.84
2016-10-12,11906.775,197.787,327.855
2016-10-13,11910.791,226.723,327.867
2016-10-14,11911.795,249.938,327.87
2016-10-15,11915.812,186.425,327.883
2016-10-16,11925.852,123.851,327.913
2016-10-17,11932.88,210.134,327.934
2016-10-18,11936.897,225.837,327.947
2016-10-19,11930.872,344.233,327.928
2016-10-20,11922.84,302.786,327.904
2016-10-21,11920.832,305.571,327.898
2016-10-22,11929.868,196.581,327.925
2016-10-23,11938.905,175.359,327.953
2016-10-24,11944.933,257.833,327.971
2016-10-25,11944.933,311.285,327.971
2016-10-26,11943.927,282.386,327.968
2016-10-27,11943.927,298.76,327.968
2016-10-28,11948.959,215.688,327.983
2016-10-29,11958.015,200.171,328.011
2016-10-30,11966.065,166.909,328.035
2016-10-31,11977.134,195.076,328.068
2016-11-01,11976.128,267.014,328.065
2016-11-02,11974.115,279.416,328.059
2016-11-03,11972.103,278.36,328.053
2016-11-04,11971.097,277.12,328.05
2016-11-05,11965.059,329.228,328.032
2016-11-06,11964.053,291.267,328.029
2016-11-07,11960.028,266.896,328.017
2016-11-08,11947.952,369.288,327.98
2016-11-09,11973.109,361.321,328.056
2016-11-10,12028.523,400.81,328.224
2016-11-11,12082.045,404.922,328.385
2016-11-12,12144.792,331.769,328.574
2016-11-13,12195.525,260.489,328.727
2016-11-14,12207.725,251.492,328.763
2016-11-15,12207.725,274.364,328.763
2016-11-16,12197.559,388.176,328.733
2016-11-17,12181.32,342.062,328.684
2016-11-18,12168.129,411.902,328.645
2016-11-19,12153.924,427.993,328.602
2016-11-20,12136.693,422.608,328.55
2016-11-21,12127.581,368.374,328.523
2016-11-22,12117.456,391.332,328.492
2016-11-23,12111.382,338.921,328.474
2016-11-24,12097.208,368.272,328.431
2016-11-25,12088.107,389.69,328.404
2016-11-26,12066.888,406.221,328.34
2016-11-27,12058.804,354.74,328.315
2016-11-28,12046.678,405.062,328.279
2016-11-29,12020.457,552.481,328.199
2016-11-30,11998.276,516.647,328.132
2016-12-01,11994.243,288.04,328.12
2016-12-02,11990.216,233.347,328.108
2016-12-03,11988.203,302.145,328.102
2016-12-04,11994.243,325.386,328.12
2016-12-05,12001.301,283.131,328.142
2016-12-06,12009.367,237.072,328.166
2016-12-07,12019.449,288.252,328.196
2016-12-08,12027.515,299.449,328.221
2016-12-09,12043.647,238.242,328.27
2016-12-10,12063.856,222.454,328.331
2016-12-11,12085.076,167.377,328.395
2016-12-12,12104.295,214.587,328.452
2016-12-13,12122.519,188.891,328.507
2016-12-14,12137.705,235.832,328.553
2016-12-15,12146.822,255.69,328.58
2016-12-16,12166.1,200.97,328.638
2016-12-17,12178.276,284.233,328.675
2016-12-18,12189.437,262.7,328.709
2016-12-19,12207.725,204.808,328.763
2016-12-20,12221.958,227.365,328.806
2016-12-21,12227.041,315.436,328.821
2016-12-22,12248.395,285.112,328.885
2016-12-23,12261.64,314.496,328.925
2016-12-24,12279.979,309.527,328.98
2016-12-25,12292.205,325.086,329.016
2016-12-26,12313.633,232.604,329.08
2016-12-27,12332.008,208.82,329.135
2016-12-28,12354.479,185.625,329.202
2016-12-29,12380.056,187.048,329.278
2016-12-30,12404.619,245.986,329.352
2016-12-31,12432.294,171.659,329.434
2017-01-01,12449.72,256.077,329.486
2017-01-02,12458.965,305.332,329.513
2017-01-03,12455.882,466.381,329.504
2017-01-04,12458.965,300.591,329.513
2017-01-05,12473.349,280.759,329.556
2017-01-06,12487.734,285.271,329.599
2017-01-07,12508.296,263.327,329.659
2017-01-08,12528.885,202.196,329.72
2017-01-09,12539.18,271.119,329.751
2017-01-10,12549.474,275.007,329.781
2017-01-11,12555.656,339.396,329.8
2017-01-12,12565.972,330.996,329.83
2017-01-13,12588.669,211.287,329.897
2017-01-14,12609.311,228.038,329.958
2017-01-15,12632.051,216.888,330.025
2017-01-16,12650.657,193.261,330.08
2017-01-17,12666.184,214.987,330.126
2017-01-18,12682.762,194.249,330.175
2017-01-19,12703.485,220.324,330.236
2017-01-20,12719.046,259.358,330.281
2017-01-21,12746.037,188.716,330.361
2017-01-22,12765.772,194.83,330.418
2017-01-23,12791.78,164.149,330.495
2017-01-24,12815.714,173.885,330.565
2017-01-25,12836.564,178.414,330.626
2017-01-26,12855.33,236.815,330.681
2017-01-27,12878.292,169.734,330.748
2017-01-28,12906.493,118.278,330.83
2017-01-29,12933.69,113.726,330.909
2017-01-30,12955.677,144.018,330.973
2017-01-31,12977.679,137.296,331.037
2017-02-01,12990.266,270.123,331.074
2017-02-02,12998.658,312.236,331.098
2017-02-03,13009.147,261.801,331.129
2017-02-04,13028.042,189.918,331.183
2017-02-05,13042.758,229.163,331.226
2017-02-06,13049.065,286.284,331.244
2017-02-07,13055.372,286.742,331.263
2017-02-08,13063.782,285.111,331.287
2017-02-09,13074.293,270.394,331.318
2017-02-10,13079.56,308.126,331.333
2017-02-11,13099.575,210.723,331.391
2017-02-12,13122.749,190.95,331.458
2017-02-13,13138.572,209.192,331.504
2017-02-14,13157.569,193.775,331.558
2017-02-15,13174.455,210.506,331.607
2017-02-16,13192.422,218.568,331.659
2017-02-17,13214.632,241.23,331.723
2017-02-18,13229.438,285.685,331.766
2017-02-19,13245.328,251.91,331.811
2017-02-20,13256.986,292.554,331.845
2017-02-21,13277.122,194.015,331.903
2017-02-22,13297.283,198.556,331.961
2017-02-23,13303.655,239.572,331.979
2017-02-24,13316.4,302.289,332.016
2017-02-25,13323.834,321.505,332.037
2017-02-26,13334.454,276.846,332.067
2017-02-27,13352.534,214.542,332.119
2017-02-28,13368.494,210.789,332.165
2017-03-01,13353.598,475.634,332.122
2017-03-02,13345.086,432.074,332.098
2017-03-03,13335.516,466.451,332.07
2017-03-04,13334.454,331.414,332.067
2017-03-05,13334.454,334.624,332.067
2017-03-06,13331.268,418.627,332.058
2017-03-07,13315.338,515.649,332.013
2017-03-08,13307.903,440.055,331.991
2017-03-09,13302.593,451.147,331.976
2017-03-10,13296.221,387.631,331.958
2017-03-11,13301.531,309.871,331.973
2017-03-12,13311.09,258.544,332.0
2017-03-13,13302.593,472.164,331.976
2017-03-14,13284.541,538.834,331.924
2017-03-15,13267.584,481.487,331.875
2017-03-16,13263.345,471.949,331.863
2017-03-17,13259.106,433.045,331.851
2017-03-18,13255.926,418.008,331.842
2017-03-19,13253.807,415.886,331.836
2017-03-20,13245.328,480.016,331.811
2017-03-21,13238.969,410.145,331.793
2017-03-22,13230.495,426.077,331.769
2017-03-23,13237.91,393.43,331.79
2017-03-24,13231.553,389.047,331.772
2017-03-25,13240.029,328.07,331.796
2017-03-26,13246.388,292.408,331.814
2017-03-27,13240.029,442.64,331.796
2017-03-28,13233.67,403.809,331.778
2017-03-29,13226.265,436.428,331.757
2017-03-30,13209.344,464.882,331.708
2017-03-31,13207.229,488.924,331.702
2017-04-01,13207.229,364.646,331.702
2017-04-02,13211.459,338.823,331.714
2017-04-03,13198.768,488.195,331.677
2017-04-04,13181.847,505.342,331.628
2017-04-05,13157.569,612.359,331.558
2017-04-06,13136.461,575.754,331.497
2017-04-07,13111.162,590.644,331.424
2017-04-08,13098.521,463.984,331.388
2017-04-09,13094.308,351.555,331.376
2017-04-10,13082.721,466.996,331.342
2017-04-11,13062.731,514.438,331.284
2017-04-12,13049.065,419.371,331.244
2017-04-13,13036.451,426.165,331.208
2017-04-14,13029.093,465.225,331.187
2017-04-15,13021.735,444.052,331.165
2017-04-16,13016.49,381.051,331.15
2017-04-17,12997.609,544.086,331.095
2017-04-18,12986.071,491.994,331.062
2017-04-19,12968.24,437.273,331.01
2017-04-20,12964.052,398.196,330.998
2017-04-21,12954.63,461.599,330.97
2017-04-22,12947.301,400.392,330.949
2017-04-23,12944.16,327.542,330.94
2017-04-24,12936.831,412.4,330.918
2017-04-25,12923.22,490.677,330.879
2017-04-26,12898.137,528.796,330.806
2017-04-27,12876.202,581.406,330.742
2017-04-28,12857.415,521.703,330.687
2017-04-29,12850.117,391.602,330.665
2017-04-30,12853.245,322.704,330.674
2017-05-01,12833.437,530.155,330.617
2017-05-02,12825.096,385.747,330.592
2017-05-03,12810.505,471.721,330.55
2017-05-04,12803.223,358.823,330.528
2017-05-05,12798.022,339.061,330.513
2017-05-06,12795.941,339.594,330.507
2017-05-07,12796.981,312.38,330.51
2017-05-08,12784.497,482.499,330.473
2017-05-09,12762.651,537.675,330.409
2017-05-10,12750.189,371.614,330.373
2017-05-11,12729.427,591.944,330.312
2017-05-12,12716.97,394.471,330.275
2017-05-13,12711.78,365.262,330.26
2017-05-14,12711.78,320.134,330.26
2017-05-15,12705.557,371.755,330.242
2017-05-16,12696.232,417.381,330.214
2017-05-17,12687.943,364.046,330.19
2017-05-18,12665.148,507.87,330.123
2017-05-19,12648.59,544.52,330.074
2017-05-20,12639.287,403.979,330.047
2017-05-21,12644.455,277.046,330.062
2017-05-22,12629.984,472.25,330.019
2017-05-23,12614.479,431.773,329.973
2017-05-24,12595.891,445.28,329.919
2017-05-25,12588.669,393.468,329.897
2017-05-26,12576.289,388.89,329.861
2017-05-27,12575.258,368.118,329.858
2017-05-28,12571.131,358.036,329.845
2017-05-29,12564.941,380.955,329.827
2017-05-30,12539.18,563.975,329.751
2017-05-31,12508.296,593.981,329.659
2017-06-01,12491.844,436.256,329.611
2017-06-02,12481.569,421.438,329.58
2017-06-03,12476.432,358.724,329.565
2017-06-04,12481.569,314.55,329.58
2017-06-05,12477.459,412.101,329.568
2017-06-06,12469.239,394.484,329.544
2017-06-07,12458.965,433.305,329.513
2017-06-08,12453.827,359.465,329.498
2017-06-09,12448.695,377.87,329.483
2017-06-10,12451.772,321.09,329.492
2017-06-11,12450.745,274.049,329.489
2017-06-12,12453.827,326.174,329.498
2017-06-13,12451.772,378.151,329.492
2017-06-14,12444.595,409.02,329.471
2017-06-15,12437.419,421.78,329.449
2017-06-16,12428.194,478.003,329.422
2017-06-17,12425.119,368.958,329.413
2017-06-18,12426.144,399.469,329.416
2017-06-19,12410.769,557.922,329.37
2017-06-20,12392.332,502.988,329.315
2017-06-21,12376.986,478.717,329.269
2017-06-22,12365.733,478.246,329.236
2017-06-23,12360.618,435.741,329.221
2017-06-24,12354.479,405.452,329.202
2017-06-25,12351.41,356.223,329.193
2017-06-26,12341.195,452.02,329.163
2017-06-27,12329.966,426.477,329.129
2017-06-28,12317.716,447.551,329.093
2017-06-29,12308.529,446.738,329.065
2017-06-30,12299.341,468.039,329.038
2017-07-01,12302.404,294.995,329.047
2017-07-02,12306.487,291.137,329.059
2017-07-03,12305.466,374.854,329.056
2017-07-04,12306.487,335.05,329.059
2017-07-05,12294.243,479.645,329.022
2017-07-06,12288.13,455.104,329.004
2017-07-07,12286.092,462.282,328.998
2017-07-08,12284.055,365.873,328.992
2017-07-09,12289.149,283.601,329.007
2017-07-10,12284.055,456.001,328.992
2017-07-11,12289.149,354.197,329.007
2017-07-12,12285.073,416.314,328.995
2017-07-13,12275.904,461.111,328.968
2017-07-14,12275.904,368.26,328.968
2017-07-15,12272.847,401.124,328.958
2017-07-16,12279.979,387.702,328.98
2017-07-17,12263.678,501.559,328.931
2017-07-18,12265.715,360.52,328.937
2017-07-19,12263.678,378.709,328.931
2017-07-20,12265.715,384.763,328.937
2017-07-21,12263.678,401.539,328.931
2017-07-22,12263.678,427.308,328.931
2017-07-23,12259.602,418.739,328.919
2017-07-24,12247.376,526.84,328.882
2017-07-25,12257.564,498.677,328.913
2017-07-26,12255.527,442.097,328.907
2017-07-27,12258.583,391.199,328.916
2017-07-28,12258.583,396.414,328.916
2017-07-29,12264.696,339.761,328.934
2017-07-30,12264.696,397.169,328.934
2017-07-31,12249.414,581.437,328.888
2017-08-01,12241.274,486.296,328.864
2017-08-02,12238.224,405.264,328.855
2017-08-03,12241.274,402.849,328.864
2017-08-04,12260.621,236.274,328.922
2017-08-05,12287.111,203.323,329.001
2017-08-06,12303.425,239.4,329.05
2017-08-07,12312.612,272.58,329.077
2017-08-08,12313.633,363.649,329.08
2017-08-09,12314.654,386.749,329.083
2017-08-10,12315.675,375.399,329.086
2017-08-11,12326.904,285.799,329.12
2017-08-12,12342.216,242.286,329.166
2017-08-13,12356.526,240.044,329.208
2017-08-14,12367.779,240.998,329.242
2017-08-15,12374.94,297.19,329.263
2017-08-16,12378.01,329.284,329.272
2017-08-17,12383.125,354.482,329.288
2017-08-18,12388.24,348.901,329.303
2017-08-19,12404.619,249.967,329.352
2017-08-20,12417.944,244.84,329.391
2017-08-21,12428.194,308.799,329.422
2017-08-22,12434.344,313.853,329.44
2017-08-23,12433.319,318.765,329.437
2017-08-24,12448.695,346.932,329.483
2017-08-25,12450.745,426.267,329.489
2017-08-26,12464.102,270.722,329.528
2017-08-27,12480.542,223.838,329.577
2017-08-28,12482.597,388.578,329.583
2017-08-29,12484.652,380.866,329.589
2017-08-30,12482.597,296.293,329.583
2017-08-31,12495.954,274.051,329.623
2017-09-01,12506.237,345.09,329.653
2017-09-02,12511.384,326.043,329.669
2017-09-03,12512.414,373.541,329.672
2017-09-04,12515.502,275.521,329.681
2017-09-05,12508.296,400.408,329.659
2017-09-06,12502.119,350.13,329.641
2017-09-07,12492.872,370.272,329.614
2017-09-08,12499.037,277.545,329.632
2017-09-09,12506.237,288.837,329.653
2017-09-10,12499.037,361.793,329.632
2017-09-11,12492.872,419.696,329.614
2017-09-12,12489.789,314.154,329.605
2017-09-13,12486.707,295.722,329.595
2017-09-14,12482.597,335.095,329.583
2017-09-15,12487.734,254.432,329.599
2017-09-16,12495.954,239.716,329.623
2017-09-17,12500.064,270.823,329.635
2017-09-18,12506.237,265.187,329.653
2017-09-19,12505.207,212.004,329.65
2017-09-20,12505.207,233.561,329.65
2017-09-21,12508.296,222.928,329.659
2017-09-22,12516.532,232.632,329.684
2017-09-23,12523.738,174.886,329.705
2017-09-24,12533.003,217.928,329.733
2017-09-25,12538.15,235.531,329.748
2017-09-26,12539.18,255.303,329.751
2017-09-27,12540.209,262.927,329.754
2017-09-28,12543.298,272.293,329.763
2017-09-29,12547.415,284.9,329.775
2017-09-30,12558.751,190.433,329.809
2017-10-01,12569.067,226.438,329.839
2017-10-02,12570.099,295.065,329.842
2017-10-03,12562.877,283.234,329.821
2017-10-04,12559.782,305.898,329.812
2017-10-05,12558.751,281.873,329.809
2017-10-06,12562.877,234.276,329.821
2017-10-07,12576.289,158.241,329.861
2017-10-08,12593.828,120.565,329.912
2017-10-09,12593.828,229.464,329.912
2017-10-10,12588.669,287.753,329.897
2017-10-11,12584.543,283.984,329.885
2017-10-12,12582.479,330.881,329.879
2017-10-13,12580.416,326.802,329.873
2017-10-14,12583.511,289.07,329.882
2017-10-15,12585.574,257.933,329.888
2017-10-16,12582.479,339.378,329.879
2017-10-17,12576.289,331.538,329.861
2017-10-18,12570.099,330.528,329.842
2017-10-19,12571.131,273.956,329.845
2017-10-20,12575.258,251.863,329.858
2017-10-21,12577.321,243.614,329.864
2017-10-22,12584.543,241.585,329.885
2017-10-23,12581.448,322.387,329.876
2017-10-24,12576.289,308.796,329.861
2017-10-25,12574.226,282.129,329.855
2017-10-26,12574.226,322.676,329.855
2017-10-27,12574.226,292.767,329.855
2017-10-28,12578.353,252.405,329.867
2017-10-29,12588.669,227.338,329.897
2017-10-30,12587.638,306.645,329.894
2017-10-31,12584.543,271.126,329.885
2017-11-01,12581.448,353.04,329.876
2017-11-02,12574.226,375.55,329.855
2017-11-03,12558.751,444.322,329.809
2017-11-04,12553.592,353.155,329.794
2017-11-05,12550.504,319.878,329.784
2017-11-06,12546.386,385.748,329.772
2017-11-07,12539.18,378.836,329.751
2017-11-08,12525.797,421.265,329.711
2017-11-09,12519.62,386.2,329.693
2017-11-10,12516.532,352.915,329.684
2017-11-11,12515.502,329.025,329.681
2017-11-12,12514.473,301.188,329.678
2017-11-13,12511.384,345.844,329.669
2017-11-14,12500.064,363.391,329.635
2017-11-15,12491.844,371.501,329.611
2017-11-16,12479.514,416.799,329.574
2017-11-17,12479.514,339.107,329.574
2017-11-18,12476.432,284.556,329.565
2017-11-19,12477.459,296.378,329.568
2017-11-20,12473.349,364.877,329.556
2017-11-21,12469.239,337.979,329.544
2017-11-22,12459.992,339.465,329.516
2017-11-23,12464.102,308.012,329.528
2017-11-24,12465.129,334.68,329.531
2017-11-25,12464.102,318.148,329.528
2017-11-26,12462.047,272.134,329.522
2017-11-27,12459.992,328.128,329.516
2017-11-28,12453.827,352.467,329.498
2017-11-29,12447.67,339.28,329.48
2017-11-30,12445.62,327.102,329.474
2017-12-01,12446.645,284.585,329.477
2017-12-02,12457.937,220.056,329.51
2017-12-03,12468.212,197.442,329.541
2017-12-04,12469.239,274.249,329.544
2017-12-05,12470.267,287.997,329.547
2017-12-06,12474.377,288.884,329.559
2017-12-07,12470.267,318.163,329.547
2017-12-08,12474.377,304.845,329.559
2017-12-09,12482.597,250.737,329.583
2017-12-10,12493.899,235.647,329.617
2017-12-11,12501.092,271.138,329.638
2017-12-12,12504.178,288.325,329.647
2017-12-13,12509.325,283.084,329.663
2017-12-14,12512.414,280.173,329.672
2017-12-15,12521.679,251.349,329.699
2017-12-16,12530.944,245.268,329.727
2017-12-17,12539.18,241.088,329.751
2017-12-18,12540.209,319.99,329.754
2017-12-19,12545.357,280.919,329.769
2017-12-20,12542.268,305.771,329.76
2017-12-21,12543.298,360.494,329.763
2017-12-22,12544.327,316.037,329.766
2017-12-23,12554.624,215.018,329.797
2017-12-24,12568.036,218.33,329.836
2017-12-25,12580.416,202.821,329.873
2017-12-26,12586.606,276.263,329.891
2017-12-27,12588.669,301.275,329.897
2017-12-28,12591.764,290.511,329.906
2017-12-29,12592.796,330.327,329.909
2017-12-30,12598.986,293.892,329.928
2017-12-31,12607.244,249.339,329.952
2018-01-01,12613.446,290.125,329.967
2018-01-02,12617.58,286.531,329.983
2018-01-03,12617.58,322.502,329.983
2018-01-04,12627.917,275.06,330.013
2018-01-05,12640.321,247.108,330.05
2018-01-06,12658.931,218.2,330.104
2018-01-07,12676.546,231.15,330.156
2018-01-08,12690.015,195.773,330.196
2018-01-09,12719.046,199.369,330.281
2018-01-10,12738.77,181.594,330.339
2018-01-11,12762.651,163.992,330.409
2018-01-12,12782.417,171.442,330.467
2018-01-13,12807.384,142.976,330.54
2018-01-14,12828.224,174.398,330.601
2018-01-15,12848.032,194.875,330.659
2018-01-16,12858.458,221.885,330.69
2018-01-17,12875.158,221.896,330.738
2018-01-18,12893.959,199.469,330.793
2018-01-19,12912.76,187.107,330.848
2018-01-20,12934.737,153.028,330.912
2018-01-21,12957.771,142.319,330.979
2018-01-22,12973.483,208.09,331.025
2018-01-23,12991.315,195.702,331.077
2018-01-24,13007.05,189.875,331.123
2018-01-25,13019.637,212.573,331.159
2018-01-26,13042.758,182.191,331.226
2018-01-27,13065.884,160.939,331.293
2018-01-28,13087.988,165.249,331.357
2018-01-29,13101.682,229.305,331.397
2018-01-30,13115.376,205.395,331.436
2018-01-31,13126.963,244.796,331.47
2018-02-01,13133.295,343.346,331.488
2018-02-02,13136.461,362.807,331.497
2018-02-03,13142.794,378.809,331.516
2018-02-04,13142.794,360.577,331.516
2018-02-05,13145.96,355.781,331.525
2018-02-06,13147.015,342.319,331.528
2018-02-07,13147.015,385.418,331.528
2018-02-08,13143.849,427.978,331.519
2018-02-09,13141.738,384.582,331.513
2018-02-10,13154.403,290.894,331.549
2018-02-11,13154.403,306.285,331.549
2018-02-12,13163.901,355.88,331.577
2018-02-13,13158.624,368.66,331.561
2018-02-14,13162.845,390.128,331.574
2018-02-15,13164.956,386.564,331.58
2018-02-16,13166.012,358.624,331.583
2018-02-17,13172.344,299.804,331.601
2018-02-18,13171.288,315.282,331.598
2018-02-19,13177.621,341.274,331.616
2018-02-20,13183.962,343.206,331.635
2018-02-21,13180.789,399.496,331.625
2018-02-22,13179.731,380.679,331.622
2018-02-23,13182.904,344.361,331.632
2018-02-24,13188.192,289.569,331.647
2018-02-25,13199.825,277.931,331.68
2018-02-26,13202.998,309.837,331.689
2018-02-27,13208.286,323.347,331.705
2018-02-28,13201.941,382.322,331.686
2018-03-01,13194.538,449.134,331.665
2018-03-02,13194.538,401.341,331.665
2018-03-03,13192.422,350.455,331.659
2018-03-04,13198.768,334.752,331.677
2018-03-05,13194.538,399.41,331.665
2018-03-06,13193.48,373.084,331.662
2018-03-07,13191.365,377.167,331.656
2018-03-08,13190.307,369.502,331.653
2018-03-09,13195.595,355.395,331.668
2018-03-10,13204.056,314.337,331.693
2018-03-11,13213.574,324.691,331.72
2018-03-12,13210.401,418.099,331.711
2018-03-13,13206.171,393.127,331.699
2018-03-14,13197.71,444.882,331.674
2018-03-15,13195.595,470.108,331.668
2018-03-16,13183.962,441.542,331.635
2018-03-17,13192.422,357.226,331.659
2018-03-18,13189.25,377.056,331.65
2018-03-19,13188.192,407.863,331.647
2018-03-20,13181.847,401.195,331.628
2018-03-21,13182.904,376.495,331.632
2018-03-22,13179.731,410.136,331.622
2018-03-23,13181.847,409.088,331.628
2018-03-24,13182.904,371.559,331.632
2018-03-25,13196.653,240.459,331.671
2018-03-26,13197.71,358.366,331.674
2018-03-27,13193.48,401.852,331.662
2018-03-28,13190.307,391.345,331.653
2018-03-29,13188.192,418.913,331.647
2018-03-30,13188.192,398.467,331.647
2018-03-31,13191.365,356.07,331.656
2018-04-01,13192.422,364.148,331.659
2018-04-02,13185.019,447.638,331.638
2018-04-03,13171.288,526.772,331.598
2018-04-04,13149.126,578.25,331.534
2018-04-05,13131.185,543.659,331.482
2018-04-06,13114.322,529.412,331.433
2018-04-07,13103.788,445.852,331.403
2018-04-08,13102.735,391.259,331.4
2018-04-09,13089.041,476.215,331.36
2018-04-10,13076.4,495.978,331.324
2018-04-11,13056.424,511.383,331.266
2018-04-12,13041.707,500.758,331.223
2018-04-13,13025.94,512.079,331.177
2018-04-14,13016.49,456.23,331.15
2018-04-15,13015.441,357.796,331.147
2018-04-16,12992.364,473.975,331.08
2018-04-17,12982.924,501.244,331.052
2018-04-18,12968.24,486.23,331.01
2018-04-19,12952.536,516.662,330.964
2018-04-20,12937.878,509.038,330.921
2018-04-21,12931.596,432.374,330.903
2018-04-22,12927.408,409.418,330.891
2018-04-23,12913.805,530.125,330.851
2018-04-24,12898.137,532.167,330.806
2018-04-25,12876.202,528.454,330.742
2018-04-26,12860.543,510.806,330.696
2018-04-27,12845.947,500.902,330.653
2018-04-28,12835.522,465.755,330.623
2018-04-29,12828.224,408.688,330.601
2018-04-30,12811.546,552.109,330.553
2018-05-01,12798.022,512.481,330.513
2018-05-02,12779.296,475.033,330.458
2018-05-03,12764.731,515.32,330.415
2018-05-04,12755.38,488.167,330.388
2018-05-05,12748.113,426.976,330.367
2018-05-06,12746.037,392.144,330.361
2018-05-07,12729.427,536.135,330.312
2018-05-08,12706.593,535.993,330.245
2018-05-09,12680.69,527.896,330.169
2018-05-10,12665.148,502.471,330.123
2018-05-11,12656.859,428.393,330.098
2018-05-12,12652.725,368.062,330.086
2018-05-13,12653.758,347.715,330.089
2018-05-14,12639.287,483.47,330.047
2018-05-15,12617.58,525.029,329.983
2018-05-16,12590.733,528.769,329.903
2018-05-17,12576.289,523.773,329.861
2018-05-18,12562.877,497.446,329.821
2018-05-19,12554.624,472.461,329.797
2018-05-20,12545.357,449.95,329.769
2018-05-21,12527.856,514.549,329.717
2018-05-22,12508.296,516.75,329.659
2018-05-23,12481.569,554.225,329.58
2018-05-24,12459.992,575.866,329.516
2018-05-25,12440.494,560.433,329.458
2018-05-26,12432.294,423.48,329.434
2018-05-27,12426.144,395.559,329.416
2018-05-28,12425.119,409.716,329.413
2018-05-29,12400.519,540.964,329.339
2018-05-30,12373.917,518.176,329.26
2018-05-31,12348.341,507.083,329.184
2018-06-01,12338.133,479.129,329.154
2018-06-02,12336.091,388.719,329.147
2018-06-03,12337.112,353.654,329.15
2018-06-04,12320.779,535.637,329.102
2018-06-05,12303.425,474.305,329.05
2018-06-06,12283.036,506.799,328.989
2018-06-07,12268.772,526.355,328.946
2018-06-08,12259.602,514.907,328.919
2018-06-09,12256.546,404.505,328.91
2018-06-10,12258.583,351.814,328.916
2018-06-11,12249.414,489.083,328.888
2018-06-12,12223.991,578.608,328.812
2018-06-13,12195.525,603.55,328.727
2018-06-14,12183.349,520.131,328.69
2018-06-15,12176.247,447.41,328.669
2018-06-16,12176.247,363.277,328.669
2018-06-17,12177.261,342.82,328.672
2018-06-18,12169.144,461.644,328.648
2018-06-19,12149.866,490.121,328.59
2018-06-20,12129.606,568.817,328.529
2018-06-21,12111.382,578.182,328.474
2018-06-22,12099.232,542.707,328.437
2018-06-23,12094.17,392.046,328.422
2018-06-24,12097.208,353.998,328.431
2018-06-25,12088.107,475.135,328.404
2018-06-26,12062.846,573.898,328.328
2018-06-27,12040.622,496.263,328.26
2018-06-28,12030.54,464.694,328.23
2018-06-29,12026.507,428.965,328.218
2018-06-30,12024.49,366.434,328.212
2018-07-01,12031.548,310.28,328.233
2018-07-02,12027.515,419.241,328.221
2018-07-03,12012.391,424.555,328.175
2018-07-04,12006.342,374.713,328.157
2018-07-05,12001.301,480.957,328.142
2018-07-06,11994.243,482.713,328.12
2018-07-07,11990.216,406.734,328.108
2018-07-08,12003.317,273.422,328.148
2018-07-09,12008.358,450.589,328.163
2018-07-10,11995.251,420.213,328.123
2018-07-11,11981.159,395.114,328.081
2018-07-12,11999.284,390.499,328.135
2018-07-13,12010.375,338.764,328.169
2018-07-14,12013.4,317.632,328.178
2018-07-15,12038.606,280.605,328.254
2018-07-16,12040.622,404.651,328.26
2018-07-17,12032.556,482.912,328.236
2018-07-18,12027.515,385.035,328.221
2018-07-19,12035.581,337.679,328.245
2018-07-20,12050.72,349.583,328.291
2018-07-21,12069.919,244.255,328.349
2018-07-22,12083.055,312.308,328.388
2018-07-23,12086.087,402.293,328.398
2018-07-24,12076.992,483.67,328.37
2018-07-25,12068.909,415.884,328.346
2018-07-26,12079.013,385.387,328.376
2018-07-27,12073.961,388.515,328.361
2018-07-28,12082.045,297.392,328.385
2018-07-29,12091.139,324.447,328.413
2018-07-30,12089.118,373.356,328.407
2018-07-31,12087.097,354.372,328.401
2018-08-01,12082.045,395.057,328.385
2018-08-02,12090.128,357.823,328.41
2018-08-03,12095.183,351.526,328.425
2018-08-04,12108.344,275.82,328.465
2018-08-05,12122.519,268.936,328.507
2018-08-06,12124.543,381.509,328.513
2018-08-07,12119.481,378.382,328.498
2018-08-08,12116.444,333.625,328.489
2018-08-09,12120.494,377.485,328.501
2018-08-10,12130.618,318.632,328.532
2018-08-11,12144.792,284.828,328.574
2018-08-12,12163.056,289.995,328.629
2018-08-13,12161.027,349.274,328.623
2018-08-14,12162.042,298.793,328.626
2018-08-15,12163.056,313.322,328.629
2018-08-16,12163.056,394.715,328.629
2018-08-17,12169.144,370.157,328.648
2018-08-18,12179.291,324.389,328.678
2018-08-19,12190.452,304.916,328.712
2018-08-20,12192.481,364.794,328.718
2018-08-21,12186.393,341.024,328.699
2018-08-22,12190.452,335.108,328.712
2018-08-23,12203.658,349.829,328.751
2018-08-24,12214.841,353.94,328.785
2018-08-25,12229.074,281.49,328.827
2018-08-26,12236.191,377.468,328.849
2018-08-27,12242.29,344.534,328.867
2018-08-28,12234.157,361.793,328.843
2018-08-29,12231.108,389.343,328.833
2018-08-30,12234.157,401.795,328.843
2018-08-31,12234.157,417.757,328.843
2018-09-01,12245.34,334.497,328.876
2018-09-02,12263.678,285.542,328.931
2018-09-03,12274.885,278.962,328.965
2018-09-04,12266.734,450.218,328.94
2018-09-05,12253.489,417.17,328.901
2018-09-06,12241.274,429.246,328.864
2018-09-07,12239.241,397.884,328.858
2018-09-08,12237.207,353.228,328.852
2018-09-09,12239.241,318.564,328.858
2018-09-10,12232.124,379.438,328.837
2018-09-11,12225.008,366.233,328.815
2018-09-12,12214.841,367.418,328.785
2018-09-13,12211.791,334.056,328.776
2018-09-14,12210.775,332.554,328.773
2018-09-15,12209.758,290.626,328.769
2018-09-16,12211.791,297.495,328.776
2018-09-17,12209.758,345.373,328.769
2018-09-18,12203.658,368.173,328.751
2018-09-19,12193.496,359.859,328.721
2018-09-20,12191.467,373.359,328.715
2018-09-21,12190.452,321.817,328.712
2018-09-22,12195.525,261.773,328.727
2018-09-23,12200.608,273.806,328.742
2018-09-24,12196.542,348.43,328.73
2018-09-25,12193.496,344.276,328.721
2018-09-26,12184.364,384.806,328.693
2018-09-27,12177.261,415.557,328.672
2018-09-28,12169.144,372.984,328.648
2018-09-29,12172.188,285.626,328.657
2018-09-30,12174.217,255.676,328.663
2018-10-01,12186.393,212.817,328.699
2018-10-02,12196.542,176.713,328.73
2018-10-03,12205.692,178.78,328.757
2018-10-04,12222.974,110.883,328.809
2018-10-05,12238.224,105.832,328.855
2018-10-06,12261.64,69.338,328.925
2018-10-07,12278.96,76.052,328.977
2018-10-08,12278.96,313.511,328.977
2018-10-09,12270.81,332.368,328.952
2018-10-10,12267.753,354.998,328.943
2018-10-11,12264.696,374.071,328.934
2018-10-12,12264.696,335.211,328.934
2018-10-13,12263.678,307.385,328.931
2018-10-14,12263.678,312.197,328.931
2018-10-15,12252.47,405.536,328.897
2018-10-16,12242.29,354.784,328.867
2018-10-17,12236.191,355.926,328.849
2018-10-18,12228.058,361.767,328.824
2018-10-19,12223.991,367.433,328.812
2018-10-20,12222.974,316.254,328.809
2018-10-21,12232.124,239.8,328.837
2018-10-22,12233.141,354.782,328.84
2018-10-23,12234.157,368.245,328.843
2018-10-24,12229.074,360.78,328.827
2018-10-25,12227.041,342.034,328.821
2018-10-26,12222.974,362.022,328.809
2018-10-27,12223.991,301.959,328.812
2018-10-28,12227.041,293.38,328.821
2018-10-29,12221.958,368.831,328.806
2018-10-30,12214.841,371.457,328.785
2018-10-31,12197.559,362.052,328.733
2018-11-01,12194.511,348.915,328.724
2018-11-02,12189.437,361.991,328.709
2018-11-03,12186.393,318.079,328.699
2018-11-04,12180.305,337.309,328.681
2018-11-05,12168.129,356.992,328.645
2018-11-06,12153.924,394.972,328.602
2018-11-07,12168.129,404.095,328.645
2018-11-08,12226.024,411.986,328.818
2018-11-09,12282.017,385.061,328.986
2018-11-10,12308.529,311.598,329.065
2018-11-11,12307.508,292.852,329.062
2018-11-12,12297.3,345.033,329.032
2018-11-13,12286.092,336.752,328.998
2018-11-14,12278.96,332.398,328.977
2018-11-15,12269.791,354.8,328.949
2018-11-16,12265.715,291.98,328.937
2018-11-17,12262.659,263.641,328.928
2018-11-18,12262.659,226.193,328.928
2018-11-19,12254.508,336.933,328.904
2018-11-20,12241.274,379.266,328.864
2018-11-21,12228.058,376.402,328.824
2018-11-22,12221.958,278.36,328.806
2018-11-23,12218.908,291.468,328.797
2018-11-24,12221.958,251.195,328.806
2018-11-25,12211.791,273.623,328.776
2018-11-26,12203.658,337.851,328.751
2018-11-27,12195.525,331.4,328.727
2018-11-28,12188.423,297.821,328.705
2018-11-29,12180.305,313.525,328.681
2018-11-30,12177.261,303.315,328.672
2018-12-01,12182.335,189.032,328.687
2018-12-02,12189.437,190.56,328.709
2018-12-03,12183.349,277.318,328.69
2018-12-04,12190.452,255.349,328.712
2018-12-05,12192.481,250.007,328.718
2018-12-06,12197.559,314.449,328.733
2018-12-07,12208.742,242.552,328.766
2018-12-08,12225.008,189.734,328.815
2018-12-09,12241.274,196.574,328.864
2018-12-10,12243.307,268.665,328.87
2018-12-11,12253.489,249.897,328.901
2018-12-12,12264.696,230.822,328.934
2018-12-13,12275.904,212.732,328.968
2018-12-14,12289.149,180.884,329.007
2018-12-15,12305.466,153.273,329.056
2018-12-16,12322.82,173.96,329.108
2018-12-17,12336.091,214.587,329.147
2018-12-18,12346.299,214.33,329.178
2018-12-19,12356.526,211.603,329.208
2018-12-20,12367.779,210.668,329.242
2018-12-21,12382.102,199.684,329.285
2018-12-22,12396.424,192.191,329.327
2018-12-23,12411.794,197.315,329.373
2018-12-24,12426.144,180.169,329.416
2018-12-25,12438.444,177.057,329.452
2018-12-26,12448.695,236.592,329.483
2018-12-27,12461.02,173.331,329.519
2018-12-28,12466.157,250.391,329.535
2018-12-29,12475.404,209.907,329.562
2018-12-30,12485.679,205.891,329.592
2018-12-31,12498.009,228.723,329.629
2019-01-01,12508.296,207.792,329.659
2019-01-02,12510.355,269.125,329.666
2019-01-03,12518.59,241.071,329.69
2019-01-04,12533.003,182.298,329.733
2019-01-05,12556.687,164.208,329.803
2019-01-06,12575.258,224.139,329.858
2019-01-07,12594.86,250.608,329.916
2019-01-08,12607.244,401.706,329.952
2019-01-09,12621.715,235.504,329.995
2019-01-10,12641.354,288.022,330.053
2019-01-11,12657.895,224.179,330.101
2019-01-12,12678.618,165.018,330.162
2019-01-13,12693.123,235.114,330.205
2019-01-14,12709.703,253.749,330.254
2019-01-15,12715.932,245.685,330.272
2019-01-16,12725.275,230.193,330.3
2019-01-17,12740.846,218.758,330.345
2019-01-18,12758.494,197.5,330.397
2019-01-19,12779.296,166.244,330.458
2019-01-20,12795.941,177.929,330.507
2019-01-21,12814.671,168.904,330.562
2019-01-22,12825.096,205.165,330.592
2019-01-23,12842.82,199.144,330.644
2019-01-24,12857.415,226.923,330.687
2019-01-25,12873.069,215.802,330.732
2019-01-26,12886.648,205.122,330.772
2019-01-27,12900.226,220.499,330.812
2019-01-28,12910.671,243.185,330.842
2019-01-29,12921.126,243.814,330.873
2019-01-30,12927.408,243.054,330.891
2019-01-31,12943.113,198.839,330.937
2019-02-01,12945.207,368.259,330.943
2019-02-02,12943.113,368.517,330.937
2019-02-03,12949.395,321.005,330.955
2019-02-04,12953.583,414.202,330.967
2019-02-05,12945.207,462.853,330.943
2019-02-06,12943.113,421.48,330.937
2019-02-07,12941.019,427.332,330.931
2019-02-08,12942.066,389.146,330.934
2019-02-09,12945.207,344.488,330.943
2019-02-10,12948.348,353.468,330.952
2019-02-11,12946.254,389.59,330.946
2019-02-12,12949.395,374.368,330.955
2019-02-13,12942.066,401.838,330.934
2019-02-14,12952.536,384.823,330.964
2019-02-15,12959.865,367.475,330.985
2019-02-16,12981.875,270.851,331.049
2019-02-17,12988.168,332.711,331.068
2019-02-18,13004.952,274.979,331.116
2019-02-19,13014.392,275.233,331.144
2019-02-20,13024.888,281.33,331.174
2019-02-21,13044.861,255.049,331.232
2019-02-22,13060.628,249.038,331.278
2019-02-23,13078.507,225.998,331.33
2019-02-24,13097.468,228.62,331.385
2019-02-25,13121.696,180.879,331.455
2019-02-26,13139.627,183.455,331.507
2019-02-27,13157.569,154.201,331.558
2019-02-28,13176.565,165.75,331.613
2019-03-01,13180.789,376.468,331.625
2019-03-02,13185.019,374.783,331.638
2019-03-03,13200.883,296.606,331.683
2019-03-04,13216.747,316.41,331.729
2019-03-05,13225.208,292.897,331.753
2019-03-06,13237.91,344.961,331.79
2019-03-07,13254.867,328.588,331.839
2019-03-08,13273.943,289.784,331.894
2019-03-09,13291.973,265.569,331.945
2019-03-10,13306.841,285.184,331.988
2019-03-11,13314.276,385.733,332.009
2019-03-12,13310.028,389.632,331.997
2019-03-13,13315.338,390.785,332.013
2019-03-14,13318.524,390.459,332.022
2019-03-15,13321.71,392.7,332.031
2019-03-16,13329.144,324.669,332.052
2019-03-17,13338.702,329.822,332.08
2019-03-18,13342.958,368.225,332.092
2019-03-19,13345.086,346.67,332.098
2019-03-20,13351.47,354.426,332.116
2019-03-21,13353.598,374.91,332.122
2019-03-22,13355.726,401.922,332.128
2019-03-23,13359.982,330.68,332.141
2019-03-24,13372.75,296.991,332.177
2019-03-25,13382.326,298.794,332.205
2019-03-26,13386.582,333.155,332.217
2019-03-27,13390.838,341.379,332.229
2019-03-28,13395.102,364.22,332.241
2019-03-29,13403.633,345.248,332.266
2019-03-30,13407.899,306.724,332.278
2019-03-31,13417.497,300.304,332.305
2019-04-01,13416.431,455.334,332.302
2019-04-02,13403.633,497.131,332.266
2019-04-03,13394.035,493.162,332.238
2019-04-04,13381.262,515.595,332.202
2019-04-05,13374.878,462.927,332.183
2019-04-06,13374.878,384.98,332.183
2019-04-07,13375.942,338.408,332.186
2019-04-08,13372.75,430.263,332.177
2019-04-09,13364.238,455.2,332.153
2019-04-10,13351.47,444.351,332.116
2019-04-11,13344.022,467.211,332.095
2019-04-12,13335.516,466.149,332.07
2019-04-13,13336.578,382.394,332.074
2019-04-14,13336.578,333.068,332.074
2019-04-15,13332.33,407.747,332.061
2019-04-16,13325.958,414.657,332.043
2019-04-17,13320.648,443.185,332.028
2019-04-18,13311.09,486.411,332.0
2019-04-19,13306.841,433.472,331.988
2019-04-20,13305.779,351.144,331.985
2019-04-21,13312.152,332.952,332.003
2019-04-22,13311.09,418.468,332.0
2019-04-23,13305.779,424.366,331.985
2019-04-24,13297.283,466.651,331.961
2019-04-25,13291.973,473.032,331.945
2019-04-26,13286.663,419.798,331.93
2019-04-27,13287.725,397.81,331.933
2019-04-28,13286.663,417.981,331.93
2019-04-29,13286.663,429.018,331.93
2019-04-30,13280.302,431.293,331.912
2019-05-01,13273.943,441.374,331.894
2019-05-02,13270.764,433.53,331.885
2019-05-03,13263.345,480.688,331.863
2019-05-04,13253.807,483.914,331.836
2019-05-05,13250.627,405.278,331.827
2019-05-06,13242.149,446.965,331.802
2019-05-07,13234.73,484.385,331.781
2019-05-08,13217.804,493.621,331.732
2019-05-09,13195.595,543.53,331.668
2019-05-10,13200.883,499.917,331.683
2019-05-11,13200.883,389.516,331.683
2019-05-12,13204.056,354.582,331.693
2019-05-13,13199.825,434.443,331.68
2019-05-14,13190.307,437.643,331.653
2019-05-15,13177.621,468.507,331.616
2019-05-16,13170.233,451.408,331.595
2019-05-17,13164.956,413.244,331.58
2019-05-18,13157.569,418.71,331.558
2019-05-19,13154.403,375.311,331.549
2019-05-20,13149.126,429.862,331.534
2019-05-21,13141.738,458.389,331.513
2019-05-22,13130.129,471.651,331.479
2019-05-23,13106.949,550.928,331.412
2019-05-24,13090.094,581.149,331.363
2019-05-25,13083.774,420.328,331.345
2019-05-26,13075.347,414.518,331.321
2019-05-27,13071.14,404.308,331.308
2019-05-28,13057.475,517.932,331.269
2019-05-29,13042.758,504.125,331.226
2019-05-30,13028.042,487.199,331.183
2019-05-31,13019.637,429.162,331.159
2019-06-01,13011.245,467.495,331.135
2019-06-02,13013.343,360.164,331.141
2019-06-03,12996.56,556.922,331.092
2019-06-04,12976.63,553.75,331.034
2019-06-05,12963.005,519.716,330.995
2019-06-06,12947.301,529.426,330.949
2019-06-07,12936.831,487.196,330.918
2019-06-08,12941.019,407.164,330.931
2019-06-09,12938.925,370.387,330.924
2019-06-10,12936.831,447.851,330.918
2019-06-11,12923.22,459.511,330.879
2019-06-12,12912.76,448.624,330.848
2019-06-13,12905.449,446.47,330.827
2019-06-14,12908.582,377.081,330.836
2019-06-15,12911.716,346.359,330.845
2019-06-16,12917.985,320.246,330.863
2019-06-17,12911.716,432.734,330.845
2019-06-18,12893.959,490.737,330.793
2019-06-19,12877.247,467.697,330.745
2019-06-20,12869.935,477.061,330.723
2019-06-21,12867.846,436.77,330.717
2019-06-22,12869.935,347.002,330.723
2019-06-23,12875.158,322.888,330.738
2019-06-24,12868.891,429.263,330.72
2019-06-25,12854.288,459.042,330.678
2019-06-26,12840.735,428.38,330.638
2019-06-27,12835.522,462.37,330.623
2019-06-28,12828.224,441.38,330.601
2019-06-29,12826.139,395.954,330.595
2019-06-30,12834.479,330.914,330.62
2019-07-01,12828.224,431.233,330.601
2019-07-02,12815.714,431.435,330.565
2019-07-03,12803.223,425.065,330.528
2019-07-04,12801.143,395.186,330.522
2019-07-05,12796.981,429.965,330.51
2019-07-06,12801.143,356.982,330.522
2019-07-07,12802.183,315.323,330.525
2019-07-08,12799.062,403.879,330.516
2019-07-09,12793.86,417.34,330.501
2019-07-10,12789.699,408.276,330.489
2019-07-11,12786.578,405.563,330.479
2019-07-12,12782.417,429.962,330.467
2019-07-13,12784.497,387.445,330.473
2019-07-14,12788.659,341.662,330.485
2019-07-15,12781.377,485.539,330.464
2019-07-16,12761.61,481.731,330.406
2019-07-17,12743.961,468.564,330.354
2019-07-18,12737.732,480.5,330.336
2019-07-19,12731.503,458.743,330.318
2019-07-20,12732.542,378.396,330.321
2019-07-21,12735.656,364.704,330.33
2019-07-22,12729.427,451.949,330.312
2019-07-23,12712.818,475.762,330.263
2019-07-24,12703.485,494.034,330.236
2019-07-25,12690.015,513.863,330.196
2019-07-26,12682.762,514.007,330.175
2019-07-27,12684.834,435.831,330.181
2019-07-28,12687.943,414.828,330.19
2019-07-29,12674.473,517.018,330.15
2019-07-30,12653.758,491.692,330.089
2019-07-31,12638.253,506.106,330.044
2019-08-01,12637.22,468.164,330.04
2019-08-02,12635.152,433.589,330.034
2019-08-03,12643.422,327.112,330.059
2019-08-04,12655.826,297.049,330.095
2019-08-05,12658.931,379.11,330.104
2019-08-06,12653.758,373.555,330.089
2019-08-07,12651.691,372.426,330.083
2019-08-08,12654.792,382.907,330.092
2019-08-09,12657.895,361.589,330.101
2019-08-10,12666.184,327.374,330.126
2019-08-11,12674.473,305.817,330.15
2019-08-12,12673.437,394.886,330.147
2019-08-13,12667.22,374.828,330.129
2019-08-14,12663.076,377.397,330.117
2019-08-15,12664.112,393.93,330.12
2019-08-16,12668.257,392.487,330.132
2019-08-17,12678.618,292.479,330.162
2019-08-18,12688.979,299.645,330.193
2019-08-19,12692.087,374.781,330.202
2019-08-20,12683.798,386.705,330.178
2019-08-21,12678.618,375.854,330.162
2019-08-22,12680.69,391.446,330.169
2019-08-23,12683.798,373.825,330.178
2019-08-24,12693.123,315.251,330.205
2019-08-25,12701.412,336.594,330.229
2019-08-26,12702.449,400.509,330.233
2019-08-27,12694.16,409.533,330.208
2019-08-28,12686.907,410.458,330.187
2019-08-29,12688.979,400.965,330.193
2019-08-30,12695.196,380.166,330.211
2019-08-31,12703.485,337.18,330.236
2019-09-01,12709.703,323.977,330.254
2019-09-02,12715.932,383.209,330.272
2019-09-03,12709.703,373.883,330.254
2019-09-04,12696.232,385.105,330.214
2019-09-05,12690.015,389.233,330.196
2019-09-06,12694.16,286.925,330.208
2019-09-07,12702.449,247.852,330.233
2019-09-08,12705.557,274.577,330.242
2019-09-09,12706.593,293.607,330.245
2019-09-10,12701.412,320.805,330.229
2019-09-11,12695.196,330.297,330.211
2019-09-12,12690.015,370.829,330.196
2019-09-13,12684.834,355.896,330.181
2019-09-14,12685.871,297.834,330.184
2019-09-15,12683.798,332.656,330.178
2019-09-16,12679.654,351.312,330.165
2019-09-17,12677.582,338.88,330.159
2019-09-18,12672.401,340.679,330.144
2019-09-19,12667.22,362.464,330.129
2019-09-20,12664.112,344.775,330.12
2019-09-21,12667.22,293.065,330.129
2019-09-22,12665.148,315.693,330.123
2019-09-23,12659.968,359.166,330.108
2019-09-24,12659.968,350.902,330.108
2019-09-25,12648.59,383.949,330.074
2019-09-26,12648.59,344.633,330.074
2019-09-27,12649.624,323.43,330.077
2019-09-28,12648.59,282.058,330.074
2019-09-29,12653.758,264.654,330.089
2019-09-30,12656.859,310.842,330.098
2019-10-01,12662.04,251.634,330.114
2019-10-02,12664.112,242.529,330.12
2019-10-03,12674.473,212.277,330.15
2019-10-04,12687.943,136.384,330.19
2019-10-05,12699.34,146.971,330.223
2019-10-06,12709.703,153.1,330.254
2019-10-07,12709.703,309.067,330.254
2019-10-08,12701.412,329.154,330.229
2019-10-09,12697.268,331.442,330.217
2019-10-10,12684.834,353.728,330.181
2019-10-11,12681.726,306.798,330.172
2019-10-12,12679.654,299.191,330.165
2019-10-13,12680.69,277.803,330.169
2019-10-14,12679.654,299.847,330.165
2019-10-15,12677.582,309.453,330.159
2019-10-16,12671.365,338.452,330.141
2019-10-17,12663.076,342.788,330.117
2019-10-18,12661.004,315.009,330.111
2019-10-19,12663.076,267.525,330.117
2019-10-20,12663.076,271.006,330.117
2019-10-21,12663.076,292.45,330.117
2019-10-22,12659.968,315.979,330.108
2019-10-23,12654.792,333.595,330.092
2019-10-24,12643.422,355.954,330.059
2019-10-25,12645.489,307.8,330.065
2019-10-26,12642.388,276.464,330.056
2019-10-27,12648.59,253.622,330.074
2019-10-28,12638.253,320.591,330.044
2019-10-29,12640.321,308.129,330.05
2019-10-30,12624.816,330.955,330.004
2019-10-31,12616.547,352.926,329.98
2019-11-01,12618.614,304.643,329.986
2019-11-02,12620.681,264.816,329.992
2019-11-03,12629.984,207.723,330.019
2019-11-04,12628.95,305.016,330.016
2019-11-05,12629.984,307.741,330.019
2019-11-06,12626.883,291.465,330.01
2019-11-07,12628.95,290.611,330.016
2019-11-08,12632.051,277.389,330.025
2019-11-09,12639.287,241.686,330.047
2019-11-10,12645.489,255.218,330.065
2019-11-11,12651.691,253.664,330.083
2019-11-12,12655.826,269.322,330.095
2019-11-13,12652.725,262.529,330.086
2019-11-14,12653.758,287.67,330.089
2019-11-15,12657.895,269.296,330.101
2019-11-16,12664.112,234.758,330.12
2019-11-17,12669.293,249.798,330.135
2019-11-18,12674.473,262.431,330.15
2019-11-19,12681.726,273.206,330.172
2019-11-20,12693.123,280.645,330.205
2019-11-21,12701.412,296.984,330.229
2019-11-22,12707.629,279.932,330.248
2019-11-23,12714.894,249.594,330.269
2019-11-24,12721.122,256.803,330.287
2019-11-25,12725.275,265.042,330.3
2019-11-26,12726.313,292.254,330.303
2019-11-27,12721.122,320.746,330.287
2019-11-28,12732.542,281.029,330.321
2019-11-29,12734.618,284.672,330.327
2019-11-30,12744.999,290.211,330.357
2019-12-01,12749.151,218.072,330.37
2019-12-02,12764.731,182.351,330.415
2019-12-03,12775.135,152.602,330.446
2019-12-04,12798.022,136.386,330.513
2019-12-05,12817.799,147.704,330.571
2019-12-06,12845.947,133.757,330.653
2019-12-07,12863.67,103.346,330.705
2019-12-08,12888.737,136.809,330.778
2019-12-09,12912.76,98.737,330.848
2019-12-10,12936.831,118.678,330.918
2019-12-11,12951.489,112.641,330.961
2019-12-12,12976.63,94.54,331.034
2019-12-13,13001.805,93.785,331.107
2019-12-14,13026.991,79.018,331.18
2019-12-15,13057.475,85.018,331.269
2019-12-16,13080.614,90.843,331.336
2019-12-17,13104.842,91.482,331.406
2019-12-18,13124.856,88.885,331.464
2019-12-19,13151.236,72.309,331.54
2019-12-20,13177.621,81.886,331.616
2019-12-21,13204.056,59.989,331.693
2019-12-22,13228.38,92.494,331.763
2019-12-23,13254.867,68.583,331.839
2019-12-24,13279.242,81.509,331.909
2019-12-25,13303.655,98.977,331.979
2019-12-26,13322.772,89.427,332.034
2019-12-27,13350.406,60.734,332.113
2019-12-28,13371.686,56.921,332.174
2019-12-29,13394.035,80.446,332.238
2019-12-30,13421.763,62.574,332.317
2019-12-31,13444.159,68.325,332.381
2020-01-01,13460.184,154.611,332.427
2020-01-02,13470.868,211.09,332.458
2020-01-03,13481.553,222.813,332.488
2020-01-04,13492.237,183.535,332.519
2020-01-05,13505.07,229.391,332.555
2020-01-06,13518.985,185.863,332.595
2020-01-07,13538.253,140.821,332.65
2020-01-08,13548.957,187.423,332.68
2020-01-09,13566.113,185.876,332.729
2020-01-10,13581.129,161.52,332.771
2020-01-11,13603.655,124.934,332.836
2020-01-12,13618.698,146.905,332.878
2020-01-13,13638.046,148.231,332.933
2020-01-14,13655.243,164.062,332.982
2020-01-15,13666.004,192.344,333.012
2020-01-16,13680.002,189.159,333.052
2020-01-17,13697.232,159.74,333.101
2020-01-18,13717.7,134.769,333.159
2020-01-19,13739.281,156.413,333.22
2020-01-20,13753.309,194.272,333.259
2020-01-21,13761.941,196.501,333.284
2020-01-22,13775.987,214.489,333.323
2020-01-23,13791.124,221.529,333.366
2020-01-24,13803.018,227.137,333.399
2020-01-25,13817.075,191.791,333.439
2020-01-26,13827.899,209.691,333.469
2020-01-27,13846.315,195.231,333.521
2020-01-28,13859.313,200.827,333.558
2020-01-29,13869.063,235.947,333.585
2020-01-30,13879.904,219.986,333.616
2020-01-31,13895.1,194.187,333.658
2020-02-01,13905.955,252.319,333.689
2020-02-02,13908.126,272.694,333.695
2020-02-03,13913.553,326.857,333.71
2020-02-04,13910.297,331.312,333.701
2020-02-05,13911.382,301.804,333.704
2020-02-06,13913.553,287.084,333.71
2020-02-07,13924.408,272.809,333.741
2020-02-08,13934.161,197.829,333.768
2020-02-09,13939.568,238.39,333.783
2020-02-10,13950.383,256.633,333.814
2020-02-11,13952.545,278.989,333.82
2020-02-12,13950.383,320.419,333.814
2020-02-13,13952.545,305.246,333.82
2020-02-14,13960.116,268.523,333.841
2020-02-15,13970.93,231.988,333.872
2020-02-16,13981.744,268.325,333.902
2020-02-17,13990.408,235.403,333.927
2020-02-18,13992.575,247.154,333.933
2020-02-19,14001.242,236.66,333.957
2020-02-20,14004.493,301.161,333.966
2020-02-21,14008.826,308.854,333.979
2020-02-22,14023.994,254.975,334.021
2020-02-23,14034.829,259.258,334.052
2020-02-24,14040.25,289.555,334.067
2020-02-25,14040.25,298.378,334.067
2020-02-26,14041.335,288.311,334.07
2020-02-27,14045.677,311.913,334.082
2020-02-28,14054.361,296.862,334.107
2020-02-29,14067.386,210.294,334.143
2020-03-01,14079.326,317.651,334.177
