,Date,Precipitation
0,2014-05-01,0.0
1,2014-05-01,0.0
2,2014-05-02,
3,2014-05-02,
4,2014-05-03,
5,2014-05-03,
6,2014-05-04,0.0
7,2014-05-04,0.0
8,2014-05-05,
9,2014-05-05,
10,2014-05-06,
11,2014-05-06,
12,2014-05-07,0.0
13,2014-05-07,0.0
14,2014-05-08,0.0
15,2014-05-08,0.0
16,2014-05-09,0.0
17,2014-05-09,0.0
18,2014-05-10,0.0
19,2014-05-10,0.0
20,2014-05-11,0.0
21,2014-05-11,0.0
22,2014-05-12,
23,2014-05-12,
24,2014-05-13,
25,2014-05-13,
26,2014-05-14,0.0
27,2014-05-14,0.0
28,2014-05-15,0.0
29,2014-05-15,0.0
30,2014-05-16,0.0
31,2014-05-16,0.0
32,2014-05-17,0.0
33,2014-05-17,0.0
34,2014-05-18,0.0
35,2014-05-18,0.0
36,2014-05-19,0.0
37,2014-05-19,0.0
38,2014-05-20,0.0
39,2014-05-20,0.0
40,2014-05-21,0.0
41,2014-05-21,0.0
42,2014-05-22,0.0
43,2014-05-22,0.0
44,2014-05-23,0.0
45,2014-05-23,0.0
46,2014-05-24,0.0
47,2014-05-24,0.0
48,2014-05-25,0.0
49,2014-05-25,0.0
50,2014-05-26,
51,2014-05-26,
52,2014-05-27,0.0
53,2014-05-27,0.0
54,2014-05-28,0.0
55,2014-05-28,0.0
56,2014-05-29,0.0
57,2014-05-29,0.0
58,2014-05-30,0.0
59,2014-05-30,0.0
60,2014-05-31,0.0
61,2014-05-31,0.0
62,2014-06-01,0.0
63,2014-06-01,0.0
64,2014-06-02,0.0
65,2014-06-02,0.0
66,2014-06-03,0.0
67,2014-06-03,0.0
68,2014-06-04,0.0
69,2014-06-04,0.0
70,2014-06-05,0.0
71,2014-06-05,0.0
72,2014-06-06,0.0
73,2014-06-06,0.0
74,2014-06-07,0.0
75,2014-06-07,0.0
76,2014-06-08,0.0
77,2014-06-08,0.0
78,2014-06-09,0.0
79,2014-06-09,0.0
80,2014-06-10,0.0
81,2014-06-10,0.0
82,2014-06-11,0.0
83,2014-06-11,0.0
84,2014-06-12,0.0
85,2014-06-12,0.0
86,2014-06-13,0.0
87,2014-06-13,0.0
88,2014-06-14,0.0
89,2014-06-14,0.0
90,2014-06-15,0.0
91,2014-06-15,0.0
92,2014-06-16,0.0
93,2014-06-16,0.0
94,2014-06-17,0.0
95,2014-06-17,0.0
96,2014-06-18,0.0
97,2014-06-18,0.0
98,2014-06-19,0.0
99,2014-06-19,0.0
100,2014-06-20,0.0
101,2014-06-20,0.0
102,2014-06-21,0.0
103,2014-06-21,0.0
104,2014-06-22,0.0
105,2014-06-22,0.0
106,2014-06-23,0.0
107,2014-06-23,0.0
108,2014-06-24,0.0
109,2014-06-24,0.0
110,2014-06-25,0.0
111,2014-06-25,0.0
112,2014-06-26,0.0
113,2014-06-26,0.0
114,2014-06-27,0.0
115,2014-06-27,0.0
116,2014-06-28,0.0
117,2014-06-28,0.0
118,2014-06-29,0.0
119,2014-06-29,0.0
120,2014-06-30,0.0
121,2014-06-30,0.0
122,2014-07-01,0.0
123,2014-07-01,0.0
124,2014-07-02,0.0
125,2014-07-02,0.0
126,2014-07-03,0.0
127,2014-07-03,0.0
128,2014-07-04,0.0
129,2014-07-04,0.0
130,2014-07-05,0.0
131,2014-07-05,0.0
132,2014-07-06,0.0
133,2014-07-06,0.0
134,2014-07-07,0.0
135,2014-07-07,0.0
136,2014-07-08,0.0
137,2014-07-08,0.0
138,2014-07-09,0.0
139,2014-07-09,0.0
140,2014-07-10,0.3
141,2014-07-10,0.3
142,2014-07-11,0.0
143,2014-07-11,0.0
144,2014-07-12,0.0
145,2014-07-12,0.0
146,2014-07-13,0.0
147,2014-07-13,0.0
148,2014-07-14,0.0
149,2014-07-14,0.0
150,2014-07-15,0.0
151,2014-07-15,0.0
152,2014-07-16,0.0
153,2014-07-16,0.0
154,2014-07-17,0.0
155,2014-07-17,0.0
156,2014-07-18,0.0
157,2014-07-18,0.0
158,2014-07-19,0.0
159,2014-07-19,0.0
160,2014-07-20,0.0
161,2014-07-20,0.0
162,2014-07-21,0.0
163,2014-07-21,0.0
164,2014-07-22,0.0
165,2014-07-22,0.0
166,2014-07-23,0.0
167,2014-07-23,0.0
168,2014-07-24,0.0
169,2014-07-24,0.0
170,2014-07-25,0.0
171,2014-07-25,0.0
172,2014-07-26,0.0
173,2014-07-26,0.0
174,2014-07-27,0.0
175,2014-07-27,0.0
176,2014-07-28,0.31
177,2014-07-28,0.31
178,2014-07-29,0.18
179,2014-07-29,0.18
180,2014-07-30,0.0
181,2014-07-30,0.0
182,2014-07-31,0.0
183,2014-07-31,0.0
184,2014-08-01,0.0
185,2014-08-01,0.0
186,2014-08-02,0.01
187,2014-08-02,0.01
188,2014-08-03,0.0
189,2014-08-03,0.0
190,2014-08-04,0.68
191,2014-08-04,0.68
192,2014-08-05,0.0
193,2014-08-05,0.0
194,2014-08-06,0.0
195,2014-08-06,0.0
196,2014-08-07,
197,2014-08-07,
198,2014-08-08,0.0
199,2014-08-08,0.0
200,2014-08-09,0.0
201,2014-08-09,0.0
202,2014-08-10,0.0
203,2014-08-10,0.0
204,2014-08-11,0.0
205,2014-08-11,0.0
206,2014-08-12,0.05
207,2014-08-12,0.05
208,2014-08-13,0.0
209,2014-08-13,0.0
210,2014-08-14,0.0
211,2014-08-14,0.0
212,2014-08-15,0.94
213,2014-08-15,0.94
214,2014-08-16,0.0
215,2014-08-16,0.0
216,2014-08-17,0.0
217,2014-08-17,0.0
218,2014-08-18,0.0
219,2014-08-18,0.0
220,2014-08-19,0.0
221,2014-08-19,0.0
222,2014-08-20,0.0
223,2014-08-20,0.0
224,2014-08-21,0.0
225,2014-08-21,0.0
226,2014-08-22,0.0
227,2014-08-22,0.0
228,2014-08-23,0.0
229,2014-08-23,0.0
230,2014-08-24,0.0
231,2014-08-24,0.0
232,2014-08-25,0.0
233,2014-08-25,0.0
234,2014-08-26,0.0
235,2014-08-26,0.0
236,2014-08-27,0.0
237,2014-08-27,0.0
238,2014-08-28,0.0
239,2014-08-28,0.0
240,2014-08-29,0.0
241,2014-08-29,0.0
242,2014-08-30,0.0
243,2014-08-30,0.0
244,2014-08-31,0.0
245,2014-08-31,0.0
246,2014-09-01,0.0
247,2014-09-01,0.0
248,2014-09-02,0.0
249,2014-09-02,0.0
250,2014-09-03,0.0
251,2014-09-03,0.0
252,2014-09-04,0.0
253,2014-09-04,0.0
254,2014-09-05,0.0
255,2014-09-05,0.0
256,2014-09-06,0.0
257,2014-09-06,0.0
258,2014-09-07,0.0
259,2014-09-07,0.0
260,2014-09-08,0.01
261,2014-09-08,0.01
262,2014-09-09,
263,2014-09-09,
264,2014-09-10,0.0
265,2014-09-10,0.0
266,2014-09-11,0.0
267,2014-09-11,0.0
268,2014-09-12,0.0
269,2014-09-12,0.0
270,2014-09-13,0.0
271,2014-09-13,0.0
272,2014-09-14,0.0
273,2014-09-14,0.0
274,2014-09-15,0.0
275,2014-09-15,0.0
276,2014-09-16,0.0
277,2014-09-16,0.0
278,2014-09-17,0.0
279,2014-09-17,0.0
280,2014-09-18,
281,2014-09-18,
282,2014-09-19,0.0
283,2014-09-19,0.0
284,2014-09-20,0.0
285,2014-09-20,0.0
286,2014-09-21,0.25
287,2014-09-21,0.25
288,2014-09-22,0.0
289,2014-09-22,0.0
290,2014-09-23,0.0
291,2014-09-23,0.0
292,2014-09-24,0.0
293,2014-09-24,0.0
294,2014-09-25,0.0
295,2014-09-25,0.0
296,2014-09-26,0.0
297,2014-09-26,0.0
298,2014-09-27,0.6
299,2014-09-27,0.6
300,2014-09-28,0.0
301,2014-09-28,0.0
302,2014-09-29,
303,2014-09-29,
304,2014-09-30,
305,2014-09-30,
306,2014-10-01,0.0
307,2014-10-01,0.0
308,2014-10-02,0.0
309,2014-10-02,0.0
310,2014-10-03,
311,2014-10-03,
312,2014-10-04,0.0
313,2014-10-04,0.0
314,2014-10-05,0.0
315,2014-10-05,0.0
316,2014-10-06,0.0
317,2014-10-06,0.0
318,2014-10-07,0.0
319,2014-10-07,0.0
320,2014-10-08,
321,2014-10-08,
322,2014-10-09,0.0
323,2014-10-09,0.0
324,2014-10-10,
325,2014-10-10,
326,2014-10-11,0.0
327,2014-10-11,0.0
328,2014-10-12,0.0
329,2014-10-12,0.0
330,2014-10-13,0.0
331,2014-10-13,0.0
332,2014-10-14,
333,2014-10-14,
334,2014-10-15,0.0
335,2014-10-15,0.0
336,2014-10-16,0.0
337,2014-10-16,0.0
338,2014-10-17,0.0
339,2014-10-17,0.0
340,2014-10-18,0.01
341,2014-10-18,0.01
342,2014-10-19,0.0
343,2014-10-19,0.0
344,2014-10-20,0.0
345,2014-10-20,0.0
346,2014-10-21,0.0
347,2014-10-21,0.0
348,2014-10-22,0.0
349,2014-10-22,0.0
350,2014-10-23,0.0
351,2014-10-23,0.0
352,2014-10-24,0.0
353,2014-10-24,0.0
354,2014-10-25,0.0
355,2014-10-25,0.0
356,2014-10-26,0.0
357,2014-10-26,0.0
358,2014-10-27,0.0
359,2014-10-27,0.0
360,2014-10-28,0.0
361,2014-10-28,0.0
362,2014-10-29,0.0
363,2014-10-29,0.0
364,2014-10-30,0.0
365,2014-10-30,0.0
366,2014-10-31,0.0
367,2014-10-31,0.0
368,2014-11-01,
369,2014-11-01,
370,2014-11-02,0.3
371,2014-11-02,0.3
372,2014-11-03,0.02
373,2014-11-03,0.02
374,2014-11-04,0.0
375,2014-11-04,0.0
376,2014-11-05,0.0
377,2014-11-05,0.0
378,2014-11-06,0.0
379,2014-11-06,0.0
380,2014-11-07,0.0
381,2014-11-07,0.0
382,2014-11-08,0.0
383,2014-11-08,0.0
384,2014-11-09,0.0
385,2014-11-09,0.0
386,2014-11-10,0.0
387,2014-11-10,0.0
388,2014-11-11,0.0
389,2014-11-11,0.0
390,2014-11-12,0.0
391,2014-11-12,0.0
392,2014-11-13,0.0
393,2014-11-13,0.0
394,2014-11-14,0.0
395,2014-11-14,0.0
396,2014-11-15,0.0
397,2014-11-15,0.0
398,2014-11-16,0.0
399,2014-11-16,0.0
400,2014-11-17,0.0
401,2014-11-17,0.0
402,2014-11-18,0.0
403,2014-11-18,0.0
404,2014-11-19,0.0
405,2014-11-19,0.0
406,2014-11-20,0.0
407,2014-11-20,0.0
408,2014-11-21,0.0
409,2014-11-21,0.0
410,2014-11-22,0.0
411,2014-11-22,0.0
412,2014-11-23,0.0
413,2014-11-23,0.0
414,2014-11-24,0.0
415,2014-11-24,0.0
416,2014-11-25,0.0
417,2014-11-25,0.0
418,2014-11-26,0.0
419,2014-11-26,0.0
420,2014-11-27,
421,2014-11-27,
422,2014-11-28,0.0
423,2014-11-28,0.0
424,2014-11-29,0.0
425,2014-11-29,0.0
426,2014-11-30,0.0
427,2014-11-30,0.0
428,2014-12-01,0.0
429,2014-12-01,0.0
430,2014-12-02,0.0
431,2014-12-02,0.0
432,2014-12-03,0.18
433,2014-12-03,0.18
434,2014-12-04,0.2
435,2014-12-04,0.2
436,2014-12-05,0.2
437,2014-12-05,0.2
438,2014-12-06,
439,2014-12-06,
440,2014-12-07,0.0
441,2014-12-07,0.0
442,2014-12-08,
443,2014-12-08,
444,2014-12-09,0.0
445,2014-12-09,0.0
446,2014-12-10,
447,2014-12-10,
448,2014-12-11,0.0
449,2014-12-11,0.0
450,2014-12-12,0.0
451,2014-12-12,0.0
452,2014-12-13,0.63
453,2014-12-13,0.63
454,2014-12-14,0.01
455,2014-12-14,0.01
456,2014-12-15,0.0
457,2014-12-15,0.0
458,2014-12-16,0.0
459,2014-12-16,0.0
460,2014-12-17,0.0
461,2014-12-17,0.0
462,2014-12-18,0.01
463,2014-12-18,0.01
464,2014-12-19,0.01
465,2014-12-19,0.01
466,2014-12-20,
467,2014-12-20,
468,2014-12-21,0.0
469,2014-12-21,0.0
470,2014-12-22,0.0
471,2014-12-22,0.0
472,2014-12-23,0.0
473,2014-12-23,0.0
474,2014-12-24,0.0
475,2014-12-24,0.0
476,2014-12-25,
477,2014-12-25,
478,2014-12-26,0.0
479,2014-12-26,0.0
480,2014-12-27,0.0
481,2014-12-27,0.0
482,2014-12-28,0.0
483,2014-12-28,0.0
484,2014-12-29,0.0
485,2014-12-29,0.0
486,2014-12-30,0.0
487,2014-12-30,0.0
488,2014-12-31,0.01
489,2014-12-31,0.01
490,2015-01-01,
491,2015-01-01,
492,2015-01-02,0.0
493,2015-01-02,0.0
494,2015-01-03,0.0
495,2015-01-03,0.0
496,2015-01-04,0.0
497,2015-01-04,0.0
498,2015-01-05,0.0
499,2015-01-05,0.0
500,2015-01-06,
501,2015-01-06,
502,2015-01-07,0.0
503,2015-01-07,0.0
504,2015-01-08,0.0
505,2015-01-08,0.0
506,2015-01-09,0.0
507,2015-01-09,0.0
508,2015-01-10,
509,2015-01-10,
510,2015-01-11,0.0
511,2015-01-11,0.0
512,2015-01-12,0.53
513,2015-01-12,0.53
514,2015-01-13,0.0
515,2015-01-13,0.0
516,2015-01-14,0.0
517,2015-01-14,0.0
518,2015-01-15,0.0
519,2015-01-15,0.0
520,2015-01-16,0.0
521,2015-01-16,0.0
522,2015-01-17,0.0
523,2015-01-17,0.0
524,2015-01-18,0.0
525,2015-01-18,0.0
526,2015-01-19,0.0
527,2015-01-19,0.0
528,2015-01-20,0.0
529,2015-01-20,0.0
530,2015-01-21,0.0
531,2015-01-21,0.0
532,2015-01-22,0.0
533,2015-01-22,0.0
534,2015-01-23,0.0
535,2015-01-23,0.0
536,2015-01-24,0.0
537,2015-01-24,0.0
538,2015-01-25,0.0
539,2015-01-25,0.0
540,2015-01-26,0.0
541,2015-01-26,0.0
542,2015-01-27,0.11
543,2015-01-27,0.11
544,2015-01-28,0.0
545,2015-01-28,0.0
546,2015-01-29,0.0
547,2015-01-29,0.0
548,2015-01-30,0.04
549,2015-01-30,0.04
550,2015-01-31,0.37
551,2015-01-31,0.37
552,2015-02-01,0.0
553,2015-02-01,0.0
554,2015-02-02,0.0
555,2015-02-02,0.0
556,2015-02-03,0.0
557,2015-02-03,0.0
558,2015-02-04,0.0
559,2015-02-04,0.0
560,2015-02-05,0.0
561,2015-02-05,0.0
562,2015-02-06,0.0
563,2015-02-06,0.0
564,2015-02-07,0.0
565,2015-02-07,0.0
566,2015-02-08,0.0
567,2015-02-08,0.0
568,2015-02-09,0.0
569,2015-02-09,0.0
570,2015-02-10,0.0
571,2015-02-10,0.0
572,2015-02-11,0.0
573,2015-02-11,0.0
574,2015-02-12,0.0
575,2015-02-12,0.0
576,2015-02-13,0.0
577,2015-02-13,0.0
578,2015-02-14,0.0
579,2015-02-14,0.0
580,2015-02-15,0.0
581,2015-02-15,0.0
582,2015-02-16,0.0
583,2015-02-16,0.0
584,2015-02-17,0.0
585,2015-02-17,0.0
586,2015-02-18,0.0
587,2015-02-18,0.0
588,2015-02-19,0.0
589,2015-02-19,0.0
590,2015-02-20,0.0
591,2015-02-20,0.0
592,2015-02-21,0.0
593,2015-02-21,0.0
594,2015-02-22,0.0
595,2015-02-22,0.0
596,2015-02-23,0.5
597,2015-02-23,0.5
598,2015-02-24,0.0
599,2015-02-24,0.0
600,2015-02-25,0.0
601,2015-02-25,0.0
602,2015-02-26,0.0
603,2015-02-26,0.0
604,2015-02-27,0.0
605,2015-02-27,0.0
606,2015-02-28,0.0
607,2015-02-28,0.0
608,2015-03-01,0.0
609,2015-03-01,0.0
610,2015-03-02,0.4
611,2015-03-02,0.4
612,2015-03-03,0.02
613,2015-03-03,0.02
614,2015-03-04,0.0
615,2015-03-04,0.0
616,2015-03-05,
617,2015-03-05,
618,2015-03-06,0.0
619,2015-03-06,0.0
620,2015-03-07,0.0
621,2015-03-07,0.0
622,2015-03-08,0.0
623,2015-03-08,0.0
624,2015-03-09,0.0
625,2015-03-09,0.0
626,2015-03-10,0.0
627,2015-03-10,0.0
628,2015-03-11,0.0
629,2015-03-11,0.0
630,2015-03-12,
631,2015-03-12,
632,2015-03-13,0.0
633,2015-03-13,0.0
634,2015-03-14,0.0
635,2015-03-14,0.0
636,2015-03-15,0.0
637,2015-03-15,0.0
638,2015-03-16,0.0
639,2015-03-16,0.0
640,2015-03-17,0.0
641,2015-03-17,0.0
642,2015-03-18,0.0
643,2015-03-18,0.0
644,2015-03-19,
645,2015-03-19,
646,2015-03-20,0.0
647,2015-03-20,0.0
648,2015-03-21,0.0
649,2015-03-21,0.0
650,2015-03-22,0.0
651,2015-03-22,0.0
652,2015-03-23,0.0
653,2015-03-23,0.0
654,2015-03-24,0.0
655,2015-03-24,0.0
656,2015-03-25,0.0
657,2015-03-25,0.0
658,2015-03-26,0.0
659,2015-03-26,0.0
660,2015-03-27,0.0
661,2015-03-27,0.0
662,2015-03-28,0.0
663,2015-03-28,0.0
664,2015-03-29,0.0
665,2015-03-29,0.0
666,2015-03-30,0.0
667,2015-03-30,0.0
668,2015-03-31,0.0
669,2015-03-31,0.0
670,2015-04-01,0.0
671,2015-04-01,0.0
672,2015-04-02,0.0
673,2015-04-02,0.0
674,2015-04-03,0.0
675,2015-04-03,0.0
676,2015-04-04,0.0
677,2015-04-04,0.0
678,2015-04-05,0.0
679,2015-04-05,0.0
680,2015-04-06,0.0
681,2015-04-06,0.0
682,2015-04-07,0.0
683,2015-04-07,0.0
684,2015-04-08,0.0
685,2015-04-08,0.0
686,2015-04-09,0.0
687,2015-04-09,0.0
688,2015-04-10,
689,2015-04-10,
690,2015-04-11,0.0
691,2015-04-11,0.0
692,2015-04-12,0.0
693,2015-04-12,0.0
694,2015-04-13,0.0
695,2015-04-13,0.0
696,2015-04-14,0.0
697,2015-04-14,0.0
698,2015-04-15,0.0
699,2015-04-15,0.0
700,2015-04-16,0.0
701,2015-04-16,0.0
702,2015-04-17,
703,2015-04-17,
704,2015-04-18,0.0
705,2015-04-18,0.0
706,2015-04-19,0.0
707,2015-04-19,0.0
708,2015-04-20,0.0
709,2015-04-20,0.0
710,2015-04-21,0.0
711,2015-04-21,0.0
712,2015-04-22,0.0
713,2015-04-22,0.0
714,2015-04-23,0.0
715,2015-04-23,0.0
716,2015-04-24,0.0
717,2015-04-24,0.0
718,2015-04-25,0.0
719,2015-04-25,0.0
720,2015-04-26,0.25
721,2015-04-26,0.25
722,2015-04-27,0.0
723,2015-04-27,0.0
724,2015-04-28,0.0
725,2015-04-28,0.0
726,2015-04-29,0.0
727,2015-04-29,0.0
728,2015-04-30,0.0
729,2015-04-30,0.0
730,2015-05-01,0.0
731,2015-05-01,0.0
732,2015-05-02,0.0
733,2015-05-02,0.0
734,2015-05-03,0.0
735,2015-05-03,0.0
736,2015-05-04,0.0
737,2015-05-04,0.0
738,2015-05-05,0.0
739,2015-05-05,0.0
740,2015-05-06,0.0
741,2015-05-06,0.0
742,2015-05-07,0.0
743,2015-05-07,0.0
744,2015-05-08,0.0
745,2015-05-08,0.0
746,2015-05-09,0.05
747,2015-05-09,0.05
748,2015-05-10,0.0
749,2015-05-10,0.0
750,2015-05-11,0.0
751,2015-05-11,0.0
752,2015-05-12,0.0
753,2015-05-12,0.0
754,2015-05-13,0.0
755,2015-05-13,0.0
756,2015-05-14,0.0
757,2015-05-14,0.0
758,2015-05-15,0.0
759,2015-05-15,0.0
760,2015-05-16,0.0
761,2015-05-16,0.0
762,2015-05-17,0.0
763,2015-05-17,0.0
764,2015-05-18,0.0
765,2015-05-18,0.0
766,2015-05-19,0.0
767,2015-05-19,0.0
768,2015-05-20,0.0
769,2015-05-20,0.0
770,2015-05-21,0.0
771,2015-05-21,0.0
772,2015-05-22,0.0
773,2015-05-22,0.0
774,2015-05-23,0.0
775,2015-05-23,0.0
776,2015-05-24,0.0
777,2015-05-24,0.0
778,2015-05-25,0.04
779,2015-05-25,0.04
780,2015-05-26,0.0
781,2015-05-26,0.0
782,2015-05-27,0.0
783,2015-05-27,0.0
784,2015-05-28,0.0
785,2015-05-28,0.0
786,2015-05-29,0.0
787,2015-05-29,0.0
788,2015-05-30,0.0
789,2015-05-30,0.0
790,2015-05-31,0.0
791,2015-05-31,0.0
792,2015-06-01,0.0
793,2015-06-01,0.0
794,2015-06-02,0.0
795,2015-06-02,0.0
796,2015-06-03,0.0
797,2015-06-03,0.0
798,2015-06-04,0.0
799,2015-06-04,0.0
800,2015-06-05,0.0
801,2015-06-05,0.0
802,2015-06-06,0.0
803,2015-06-06,0.0
804,2015-06-07,0.0
805,2015-06-07,0.0
806,2015-06-08,0.0
807,2015-06-08,0.0
808,2015-06-09,0.0
809,2015-06-09,0.0
810,2015-06-10,0.0
811,2015-06-10,0.0
812,2015-06-11,0.19
813,2015-06-11,0.19
814,2015-06-12,0.0
815,2015-06-12,0.0
816,2015-06-13,0.0
817,2015-06-13,0.0
818,2015-06-14,0.0
819,2015-06-14,0.0
820,2015-06-15,0.0
821,2015-06-15,0.0
822,2015-06-16,0.0
823,2015-06-16,0.0
824,2015-06-17,0.0
825,2015-06-17,0.0
826,2015-06-18,0.0
827,2015-06-18,0.0
828,2015-06-19,0.0
829,2015-06-19,0.0
830,2015-06-20,0.0
831,2015-06-20,0.0
832,2015-06-21,0.0
833,2015-06-21,0.0
834,2015-06-22,0.0
835,2015-06-22,0.0
836,2015-06-23,0.0
837,2015-06-23,0.0
838,2015-06-24,0.0
839,2015-06-24,0.0
840,2015-06-25,0.0
841,2015-06-25,0.0
842,2015-06-26,0.0
843,2015-06-26,0.0
844,2015-06-27,0.0
845,2015-06-27,0.0
846,2015-06-28,0.0
847,2015-06-28,0.0
848,2015-06-29,0.0
849,2015-06-29,0.0
850,2015-06-30,0.0
851,2015-06-30,0.0
852,2015-07-01,0.0
853,2015-07-01,0.0
854,2015-07-02,0.0
855,2015-07-02,0.0
856,2015-07-03,0.0
857,2015-07-03,0.0
858,2015-07-04,0.0
859,2015-07-04,0.0
860,2015-07-05,0.0
861,2015-07-05,0.0
862,2015-07-06,0.0
863,2015-07-06,0.0
864,2015-07-07,0.1
865,2015-07-07,0.1
866,2015-07-08,0.0
867,2015-07-08,0.0
868,2015-07-09,0.0
869,2015-07-09,0.0
870,2015-07-10,0.0
871,2015-07-10,0.0
872,2015-07-11,0.0
873,2015-07-11,0.0
874,2015-07-12,0.0
875,2015-07-12,0.0
876,2015-07-13,0.0
877,2015-07-13,0.0
878,2015-07-14,0.0
879,2015-07-14,0.0
880,2015-07-15,0.0
881,2015-07-15,0.0
882,2015-07-16,0.0
883,2015-07-16,0.0
884,2015-07-17,0.0
885,2015-07-17,0.0
886,2015-07-18,0.0
887,2015-07-18,0.0
888,2015-07-19,0.0
889,2015-07-19,0.0
890,2015-07-20,0.0
891,2015-07-20,0.0
892,2015-07-21,0.0
893,2015-07-21,0.0
894,2015-07-22,0.0
895,2015-07-22,0.0
896,2015-07-23,0.0
897,2015-07-23,0.0
898,2015-07-24,0.0
899,2015-07-24,0.0
900,2015-07-25,0.0
901,2015-07-25,0.0
902,2015-07-26,0.0
903,2015-07-26,0.0
904,2015-07-27,0.0
905,2015-07-27,0.0
906,2015-07-28,0.0
907,2015-07-28,0.0
908,2015-07-29,0.0
909,2015-07-29,0.0
910,2015-07-30,0.0
911,2015-07-30,0.0
912,2015-07-31,0.0
913,2015-07-31,0.0
914,2015-08-01,0.0
915,2015-08-01,0.0
916,2015-08-02,0.0
917,2015-08-02,0.0
918,2015-08-03,0.0
919,2015-08-03,0.0
920,2015-08-04,0.0
921,2015-08-04,0.0
922,2015-08-05,0.0
923,2015-08-05,0.0
924,2015-08-06,0.0
925,2015-08-06,0.0
926,2015-08-07,0.1
927,2015-08-07,0.1
928,2015-08-08,0.0
929,2015-08-08,0.0
930,2015-08-09,0.0
931,2015-08-09,0.0
932,2015-08-10,0.0
933,2015-08-10,0.0
934,2015-08-11,0.0
935,2015-08-11,0.0
936,2015-08-12,0.0
937,2015-08-12,0.0
938,2015-08-13,0.0
939,2015-08-13,0.0
940,2015-08-14,0.0
941,2015-08-14,0.0
942,2015-08-15,0.15
943,2015-08-15,0.15
944,2015-08-16,0.0
945,2015-08-16,0.0
946,2015-08-17,0.0
947,2015-08-17,0.0
948,2015-08-18,0.0
949,2015-08-18,0.0
950,2015-08-19,0.0
951,2015-08-19,0.0
952,2015-08-20,
953,2015-08-20,
954,2015-08-21,0.0
955,2015-08-21,0.0
956,2015-08-22,0.0
957,2015-08-22,0.0
958,2015-08-23,0.0
959,2015-08-23,0.0
960,2015-08-24,0.0
961,2015-08-24,0.0
962,2015-08-25,0.0
963,2015-08-25,0.0
964,2015-08-26,0.0
965,2015-08-26,0.0
966,2015-08-27,
967,2015-08-27,
968,2015-08-28,0.0
969,2015-08-28,0.0
970,2015-08-29,0.0
971,2015-08-29,0.0
972,2015-08-30,0.0
973,2015-08-30,0.0
974,2015-08-31,0.0
975,2015-08-31,0.0
976,2015-09-01,0.0
977,2015-09-01,0.0
978,2015-09-02,0.0
979,2015-09-02,0.0
980,2015-09-03,0.0
981,2015-09-03,0.0
982,2015-09-04,0.0
983,2015-09-04,0.0
984,2015-09-05,0.0
985,2015-09-05,0.0
986,2015-09-06,0.0
987,2015-09-06,0.0
988,2015-09-07,0.0
989,2015-09-07,0.0
990,2015-09-08,0.0
991,2015-09-08,0.0
992,2015-09-09,0.0
993,2015-09-09,0.0
994,2015-09-10,0.0
995,2015-09-10,0.0
996,2015-09-11,0.0
997,2015-09-11,0.0
998,2015-09-12,0.0
999,2015-09-12,0.0
1000,2015-09-13,0.0
1001,2015-09-13,0.0
1002,2015-09-14,0.0
1003,2015-09-14,0.0
1004,2015-09-15,0.25
1005,2015-09-15,0.25
1006,2015-09-16,0.08
1007,2015-09-16,0.08
1008,2015-09-17,0.0
1009,2015-09-17,0.0
1010,2015-09-18,0.0
1011,2015-09-18,0.0
1012,2015-09-19,0.0
1013,2015-09-19,0.0
1014,2015-09-20,0.0
1015,2015-09-20,0.0
1016,2015-09-21,0.0
1017,2015-09-21,0.0
1018,2015-09-22,0.0
1019,2015-09-22,0.0
1020,2015-09-23,0.0
1021,2015-09-23,0.0
1022,2015-09-24,0.0
1023,2015-09-24,0.0
1024,2015-09-25,0.0
1025,2015-09-25,0.0
1026,2015-09-26,0.0
1027,2015-09-26,0.0
1028,2015-09-27,0.0
1029,2015-09-27,0.0
1030,2015-09-28,0.0
1031,2015-09-28,0.0
1032,2015-09-29,0.0
1033,2015-09-29,0.0
1034,2015-09-30,0.0
1035,2015-09-30,0.0
1036,2015-10-01,0.0
1037,2015-10-01,0.0
1038,2015-10-02,
1039,2015-10-02,
1040,2015-10-03,0.0
1041,2015-10-03,0.0
1042,2015-10-04,0.0
1043,2015-10-04,0.0
1044,2015-10-05,0.75
1045,2015-10-05,0.75
1046,2015-10-06,
1047,2015-10-06,
1048,2015-10-07,0.0
1049,2015-10-07,0.0
1050,2015-10-08,0.0
1051,2015-10-08,0.0
1052,2015-10-09,0.0
1053,2015-10-09,0.0
1054,2015-10-10,0.0
1055,2015-10-10,0.0
1056,2015-10-11,0.0
1057,2015-10-11,0.0
1058,2015-10-12,
1059,2015-10-12,
1060,2015-10-13,0.0
1061,2015-10-13,0.0
1062,2015-10-14,
1063,2015-10-14,
1064,2015-10-15,0.0
1065,2015-10-15,0.0
1066,2015-10-16,0.01
1067,2015-10-16,0.01
1068,2015-10-17,0.5
1069,2015-10-17,0.5
1070,2015-10-18,0.18
1071,2015-10-18,0.18
1072,2015-10-19,0.15
1073,2015-10-19,0.15
1074,2015-10-20,0.0
1075,2015-10-20,0.0
1076,2015-10-21,0.0
1077,2015-10-21,0.0
1078,2015-10-22,0.0
1079,2015-10-22,0.0
1080,2015-10-23,0.0
1081,2015-10-23,0.0
1082,2015-10-24,0.0
1083,2015-10-24,0.0
1084,2015-10-25,0.0
1085,2015-10-25,0.0
1086,2015-10-26,0.0
1087,2015-10-26,0.0
1088,2015-10-27,0.0
1089,2015-10-27,0.0
1090,2015-10-28,0.0
1091,2015-10-28,0.0
1092,2015-10-29,0.0
1093,2015-10-29,0.0
1094,2015-10-30,0.0
1095,2015-10-30,0.0
1096,2015-10-31,0.0
1097,2015-10-31,0.0
1098,2015-11-01,0.0
1099,2015-11-01,0.0
1100,2015-11-02,0.0
1101,2015-11-02,0.0
1102,2015-11-03,0.0
1103,2015-11-03,0.0
1104,2015-11-04,0.0
1105,2015-11-04,0.0
1106,2015-11-05,0.17
1107,2015-11-05,0.17
1108,2015-11-06,0.0
1109,2015-11-06,0.0
1110,2015-11-07,0.0
1111,2015-11-07,0.0
1112,2015-11-08,0.0
1113,2015-11-08,0.0
1114,2015-11-09,0.0
1115,2015-11-09,0.0
1116,2015-11-10,0.0
1117,2015-11-10,0.0
1118,2015-11-11,0.0
1119,2015-11-11,0.0
1120,2015-11-12,0.0
1121,2015-11-12,0.0
1122,2015-11-13,0.0
1123,2015-11-13,0.0
1124,2015-11-14,0.0
1125,2015-11-14,0.0
1126,2015-11-15,0.0
1127,2015-11-15,0.0
1128,2015-11-16,0.19
1129,2015-11-16,0.19
1130,2015-11-17,0.0
1131,2015-11-17,0.0
1132,2015-11-18,0.0
1133,2015-11-18,0.0
1134,2015-11-19,0.0
1135,2015-11-19,0.0
1136,2015-11-20,0.0
1137,2015-11-20,0.0
1138,2015-11-21,0.0
1139,2015-11-21,0.0
1140,2015-11-22,0.0
1141,2015-11-22,0.0
1142,2015-11-23,0.0
1143,2015-11-23,0.0
1144,2015-11-24,0.0
1145,2015-11-24,0.0
1146,2015-11-25,0.0
1147,2015-11-25,0.0
1148,2015-11-26,0.0
1149,2015-11-26,0.0
1150,2015-11-27,0.0
1151,2015-11-27,0.0
1152,2015-11-28,0.0
1153,2015-11-28,0.0
1154,2015-11-29,0.0
1155,2015-11-29,0.0
1156,2015-11-30,0.0
1157,2015-11-30,0.0
1158,2015-12-01,0.0
1159,2015-12-01,0.0
1160,2015-12-02,0.0
1161,2015-12-02,0.0
1162,2015-12-03,0.0
1163,2015-12-03,0.0
1164,2015-12-04,0.0
1165,2015-12-04,0.0
1166,2015-12-05,0.0
1167,2015-12-05,0.0
1168,2015-12-06,0.0
1169,2015-12-06,0.0
1170,2015-12-07,0.0
1171,2015-12-07,0.0
1172,2015-12-08,0.0
1173,2015-12-08,0.0
1174,2015-12-09,0.0
1175,2015-12-09,0.0
1176,2015-12-10,0.0
1177,2015-12-10,0.0
1178,2015-12-11,0.0
1179,2015-12-11,0.0
1180,2015-12-12,0.0
1181,2015-12-12,0.0
1182,2015-12-13,0.0
1183,2015-12-13,0.0
1184,2015-12-14,0.01
1185,2015-12-14,0.01
1186,2015-12-15,0.0
1187,2015-12-15,0.0
1188,2015-12-16,0.0
1189,2015-12-16,0.0
1190,2015-12-17,0.0
1191,2015-12-17,0.0
1192,2015-12-18,0.0
1193,2015-12-18,0.0
1194,2015-12-19,0.0
1195,2015-12-19,0.0
1196,2015-12-20,0.06
1197,2015-12-20,0.06
1198,2015-12-21,0.0
1199,2015-12-21,0.0
1200,2015-12-22,0.0
1201,2015-12-22,0.0
1202,2015-12-23,0.0
1203,2015-12-23,0.0
1204,2015-12-24,0.0
1205,2015-12-24,0.0
1206,2015-12-25,0.0
1207,2015-12-25,0.0
1208,2015-12-26,0.05
1209,2015-12-26,0.05
1210,2015-12-27,0.0
1211,2015-12-27,0.0
1212,2015-12-28,0.0
1213,2015-12-28,0.0
1214,2015-12-29,0.0
1215,2015-12-29,0.0
1216,2015-12-30,0.0
1217,2015-12-30,0.0
1218,2015-12-31,0.0
1219,2015-12-31,0.0
1220,2016-01-01,0.0
1221,2016-01-01,0.0
1222,2016-01-02,0.0
1223,2016-01-02,0.0
1224,2016-01-03,0.0
1225,2016-01-03,0.0
1226,2016-01-04,0.0
1227,2016-01-04,0.0
1228,2016-01-05,0.0
1229,2016-01-05,0.0
1230,2016-01-06,1.3
1231,2016-01-06,1.3
1232,2016-01-07,0.5
1233,2016-01-07,0.5
1234,2016-01-08,0.0
1235,2016-01-08,0.0
1236,2016-01-09,0.0
1237,2016-01-09,0.0
1238,2016-01-10,0.0
1239,2016-01-10,0.0
1240,2016-01-11,0.0
1241,2016-01-11,0.0
1242,2016-01-12,0.0
1243,2016-01-12,0.0
1244,2016-01-13,0.0
1245,2016-01-13,0.0
1246,2016-01-14,0.0
1247,2016-01-14,0.0
1248,2016-01-15,0.0
1249,2016-01-15,0.0
1250,2016-01-16,
1251,2016-01-16,
1252,2016-01-17,0.0
1253,2016-01-17,0.0
1254,2016-01-18,0.0
1255,2016-01-18,0.0
1256,2016-01-19,0.0
1257,2016-01-19,0.0
1258,2016-01-20,0.05
1259,2016-01-20,0.05
1260,2016-01-21,0.0
1261,2016-01-21,0.0
1262,2016-01-22,0.0
1263,2016-01-22,0.0
1264,2016-01-23,0.0
1265,2016-01-23,0.0
1266,2016-01-24,0.0
1267,2016-01-24,0.0
1268,2016-01-25,0.0
1269,2016-01-25,0.0
1270,2016-01-26,0.0
1271,2016-01-26,0.0
1272,2016-01-27,0.0
1273,2016-01-27,0.0
1274,2016-01-28,0.0
1275,2016-01-28,0.0
1276,2016-01-29,0.0
1277,2016-01-29,0.0
1278,2016-01-30,0.0
1279,2016-01-30,0.0
1280,2016-01-31,0.01
1281,2016-01-31,0.01
1282,2016-02-01,0.2
1283,2016-02-01,0.2
1284,2016-02-02,
1285,2016-02-02,
1286,2016-02-03,0.0
1287,2016-02-03,0.0
1288,2016-02-04,0.0
1289,2016-02-04,0.0
1290,2016-02-05,0.0
1291,2016-02-05,0.0
1292,2016-02-06,0.0
1293,2016-02-06,0.0
1294,2016-02-07,0.0
1295,2016-02-07,0.0
1296,2016-02-08,0.0
1297,2016-02-08,0.0
1298,2016-02-09,0.0
1299,2016-02-09,0.0
1300,2016-02-10,0.0
1301,2016-02-10,0.0
1302,2016-02-11,0.0
1303,2016-02-11,0.0
1304,2016-02-12,0.0
1305,2016-02-12,0.0
1306,2016-02-13,0.0
1307,2016-02-13,0.0
1308,2016-02-14,0.0
1309,2016-02-14,0.0
1310,2016-02-15,0.0
1311,2016-02-15,0.0
1312,2016-02-16,0.0
1313,2016-02-16,0.0
1314,2016-02-17,0.0
1315,2016-02-17,0.0
1316,2016-02-18,0.06
1317,2016-02-18,0.06
1318,2016-02-19,0.0
1319,2016-02-19,0.0
1320,2016-02-20,0.0
1321,2016-02-20,0.0
1322,2016-02-21,0.0
1323,2016-02-21,0.0
1324,2016-02-22,0.0
1325,2016-02-22,0.0
1326,2016-02-23,0.0
1327,2016-02-23,0.0
1328,2016-02-24,0.0
1329,2016-02-24,0.0
1330,2016-02-25,0.0
1331,2016-02-25,0.0
1332,2016-02-26,0.0
1333,2016-02-26,0.0
1334,2016-02-27,0.0
1335,2016-02-27,0.0
1336,2016-02-28,0.0
1337,2016-02-28,0.0
1338,2016-02-29,0.0
1339,2016-02-29,0.0
1340,2016-03-01,0.0
1341,2016-03-01,0.0
1342,2016-03-02,0.0
1343,2016-03-02,0.0
1344,2016-03-03,0.0
1345,2016-03-03,0.0
1346,2016-03-04,0.0
1347,2016-03-04,0.0
1348,2016-03-05,0.0
1349,2016-03-05,0.0
1350,2016-03-06,0.03
1351,2016-03-06,0.03
1352,2016-03-07,0.0
1353,2016-03-07,0.0
1354,2016-03-08,0.0
1355,2016-03-08,0.0
1356,2016-03-09,0.0
1357,2016-03-09,0.0
1358,2016-03-10,0.0
1359,2016-03-10,0.0
1360,2016-03-11,
1361,2016-03-11,
1362,2016-03-12,0.11
1363,2016-03-12,0.11
1364,2016-03-13,0.1
1365,2016-03-13,0.1
1366,2016-03-14,0.0
1367,2016-03-14,0.0
1368,2016-03-15,0.0
1369,2016-03-15,0.0
1370,2016-03-16,0.0
1371,2016-03-16,0.0
1372,2016-03-17,0.0
1373,2016-03-17,0.0
1374,2016-03-18,0.0
1375,2016-03-18,0.0
1376,2016-03-19,0.0
1377,2016-03-19,0.0
1378,2016-03-20,0.0
1379,2016-03-20,0.0
1380,2016-03-21,0.0
1381,2016-03-21,0.0
1382,2016-03-22,0.0
1383,2016-03-22,0.0
1384,2016-03-23,0.0
1385,2016-03-23,0.0
1386,2016-03-24,0.0
1387,2016-03-24,0.0
1388,2016-03-25,0.0
1389,2016-03-25,0.0
1390,2016-03-26,0.0
1391,2016-03-26,0.0
1392,2016-03-27,0.0
1393,2016-03-27,0.0
1394,2016-03-28,0.0
1395,2016-03-28,0.0
1396,2016-03-29,0.0
1397,2016-03-29,0.0
1398,2016-03-30,0.0
1399,2016-03-30,0.0
1400,2016-03-31,0.0
1401,2016-03-31,0.0
1402,2016-04-01,0.0
1403,2016-04-01,0.0
1404,2016-04-02,0.0
1405,2016-04-02,0.0
1406,2016-04-03,0.0
1407,2016-04-03,0.0
1408,2016-04-04,0.0
1409,2016-04-04,0.0
1410,2016-04-05,0.0
1411,2016-04-05,0.0
1412,2016-04-06,0.0
1413,2016-04-06,0.0
1414,2016-04-07,0.0
1415,2016-04-07,0.0
1416,2016-04-08,0.0
1417,2016-04-08,0.0
1418,2016-04-09,0.1
1419,2016-04-09,0.1
1420,2016-04-10,0.77
1421,2016-04-10,0.77
1422,2016-04-11,
1423,2016-04-11,
1424,2016-04-12,
1425,2016-04-12,
1426,2016-04-13,0.0
1427,2016-04-13,0.0
1428,2016-04-14,0.0
1429,2016-04-14,0.0
1430,2016-04-15,0.0
1431,2016-04-15,0.0
1432,2016-04-16,0.0
1433,2016-04-16,0.0
1434,2016-04-17,0.0
1435,2016-04-17,0.0
1436,2016-04-18,0.0
1437,2016-04-18,0.0
1438,2016-04-19,0.0
1439,2016-04-19,0.0
1440,2016-04-20,0.0
1441,2016-04-20,0.0
1442,2016-04-21,
1443,2016-04-21,
1444,2016-04-22,0.0
1445,2016-04-22,0.0
1446,2016-04-23,0.0
1447,2016-04-23,0.0
1448,2016-04-24,0.0
1449,2016-04-24,0.0
1450,2016-04-25,0.11
1451,2016-04-25,0.11
1452,2016-04-26,0.01
1453,2016-04-26,0.01
1454,2016-04-27,0.0
1455,2016-04-27,0.0
1456,2016-04-28,0.12
1457,2016-04-28,0.12
1458,2016-04-29,0.05
1459,2016-04-29,0.05
1460,2016-04-30,0.0
1461,2016-04-30,0.0
1462,2016-05-01,0.2
1463,2016-05-01,0.2
1464,2016-05-02,0.0
1465,2016-05-02,0.0
1466,2016-05-03,0.0
1467,2016-05-03,0.0
1468,2016-05-04,0.0
1469,2016-05-04,0.0
1470,2016-05-05,0.0
1471,2016-05-05,0.0
1472,2016-05-06,0.0
1473,2016-05-06,0.0
1474,2016-05-07,0.1
1475,2016-05-07,0.1
1476,2016-05-08,0.12
1477,2016-05-08,0.12
1478,2016-05-09,0.0
1479,2016-05-09,0.0
1480,2016-05-10,0.0
1481,2016-05-10,0.0
1482,2016-05-11,0.0
1483,2016-05-11,0.0
1484,2016-05-12,0.0
1485,2016-05-12,0.0
1486,2016-05-13,0.0
1487,2016-05-13,0.0
1488,2016-05-14,0.0
1489,2016-05-14,0.0
1490,2016-05-15,0.0
1491,2016-05-15,0.0
1492,2016-05-16,0.0
1493,2016-05-16,0.0
1494,2016-05-17,0.0
1495,2016-05-17,0.0
1496,2016-05-18,0.0
1497,2016-05-18,0.0
1498,2016-05-19,0.0
1499,2016-05-19,0.0
1500,2016-05-20,0.0
1501,2016-05-20,0.0
1502,2016-05-21,0.0
1503,2016-05-21,0.0
1504,2016-05-22,0.0
1505,2016-05-22,0.0
1506,2016-05-23,0.0
1507,2016-05-23,0.0
1508,2016-05-24,0.0
1509,2016-05-24,0.0
1510,2016-05-25,0.0
1511,2016-05-25,0.0
1512,2016-05-26,0.0
1513,2016-05-26,0.0
1514,2016-05-27,0.0
1515,2016-05-27,0.0
1516,2016-05-28,0.0
1517,2016-05-28,0.0
1518,2016-05-29,0.0
1519,2016-05-29,0.0
1520,2016-05-30,0.0
1521,2016-05-30,0.0
1522,2016-05-31,0.0
1523,2016-05-31,0.0
1524,2016-06-01,0.0
1525,2016-06-01,0.0
1526,2016-06-02,0.0
1527,2016-06-02,0.0
1528,2016-06-03,0.0
1529,2016-06-03,0.0
1530,2016-06-04,0.0
1531,2016-06-04,0.0
1532,2016-06-05,0.0
1533,2016-06-05,0.0
1534,2016-06-06,0.0
1535,2016-06-06,0.0
1536,2016-06-07,0.0
1537,2016-06-07,0.0
1538,2016-06-08,0.0
1539,2016-06-08,0.0
1540,2016-06-09,0.0
1541,2016-06-09,0.0
1542,2016-06-10,0.0
1543,2016-06-10,0.0
1544,2016-06-11,0.1
1545,2016-06-11,0.1
1546,2016-06-12,0.0
1547,2016-06-12,0.0
1548,2016-06-13,0.0
1549,2016-06-13,0.0
1550,2016-06-14,0.0
1551,2016-06-14,0.0
1552,2016-06-15,0.0
1553,2016-06-15,0.0
1554,2016-06-16,0.0
1555,2016-06-16,0.0
1556,2016-06-17,0.0
1557,2016-06-17,0.0
1558,2016-06-18,0.0
1559,2016-06-18,0.0
1560,2016-06-19,0.0
1561,2016-06-19,0.0
1562,2016-06-20,0.0
1563,2016-06-20,0.0
1564,2016-06-21,0.0
1565,2016-06-21,0.0
1566,2016-06-22,0.0
1567,2016-06-22,0.0
1568,2016-06-23,0.0
1569,2016-06-23,0.0
1570,2016-06-24,0.0
1571,2016-06-24,0.0
1572,2016-06-25,0.0
1573,2016-06-25,0.0
1574,2016-06-26,0.0
1575,2016-06-26,0.0
1576,2016-06-27,0.0
1577,2016-06-27,0.0
1578,2016-06-28,0.0
1579,2016-06-28,0.0
1580,2016-06-29,0.0
1581,2016-06-29,0.0
1582,2016-06-30,0.0
1583,2016-06-30,0.0
1584,2016-07-01,0.35
1585,2016-07-01,0.35
1586,2016-07-02,0.0
1587,2016-07-02,0.0
1588,2016-07-03,0.0
1589,2016-07-03,0.0
1590,2016-07-04,0.0
1591,2016-07-04,0.0
1592,2016-07-05,0.0
1593,2016-07-05,0.0
1594,2016-07-06,0.0
1595,2016-07-06,0.0
1596,2016-07-07,0.0
1597,2016-07-07,0.0
1598,2016-07-08,0.0
1599,2016-07-08,0.0
1600,2016-07-09,0.0
1601,2016-07-09,0.0
1602,2016-07-10,0.0
1603,2016-07-10,0.0
1604,2016-07-11,0.0
1605,2016-07-11,0.0
1606,2016-07-12,0.0
1607,2016-07-12,0.0
1608,2016-07-13,0.0
1609,2016-07-13,0.0
1610,2016-07-14,0.0
1611,2016-07-14,0.0
1612,2016-07-15,0.0
1613,2016-07-15,0.0
1614,2016-07-16,0.0
1615,2016-07-16,0.0
1616,2016-07-17,0.0
1617,2016-07-17,0.0
1618,2016-07-18,0.0
1619,2016-07-18,0.0
1620,2016-07-19,0.0
1621,2016-07-19,0.0
1622,2016-07-20,0.0
1623,2016-07-20,0.0
1624,2016-07-21,0.0
1625,2016-07-21,0.0
1626,2016-07-22,0.0
1627,2016-07-22,0.0
1628,2016-07-23,0.0
1629,2016-07-23,0.0
1630,2016-07-24,0.0
1631,2016-07-24,0.0
1632,2016-07-25,0.0
1633,2016-07-25,0.0
1634,2016-07-26,0.0
1635,2016-07-26,0.0
1636,2016-07-27,0.0
1637,2016-07-27,0.0
1638,2016-07-28,0.0
1639,2016-07-28,0.0
1640,2016-07-29,0.0
1641,2016-07-29,0.0
1642,2016-07-30,0.0
1643,2016-07-30,0.0
1644,2016-07-31,0.0
1645,2016-07-31,0.0
1646,2016-08-01,0.0
1647,2016-08-01,0.0
1648,2016-08-02,0.0
1649,2016-08-02,0.0
1650,2016-08-03,0.0
1651,2016-08-03,0.0
1652,2016-08-04,0.07
1653,2016-08-04,0.07
1654,2016-08-05,0.0
1655,2016-08-05,0.0
1656,2016-08-06,0.0
1657,2016-08-06,0.0
1658,2016-08-07,0.0
1659,2016-08-07,0.0
1660,2016-08-08,0.0
1661,2016-08-08,0.0
1662,2016-08-09,0.0
1663,2016-08-09,0.0
1664,2016-08-10,0.0
1665,2016-08-10,0.0
1666,2016-08-11,0.0
1667,2016-08-11,0.0
1668,2016-08-12,0.0
1669,2016-08-12,0.0
1670,2016-08-13,0.0
1671,2016-08-13,0.0
1672,2016-08-14,0.0
1673,2016-08-14,0.0
1674,2016-08-15,0.0
1675,2016-08-15,0.0
1676,2016-08-16,0.0
1677,2016-08-16,0.0
1678,2016-08-17,0.0
1679,2016-08-17,0.0
1680,2016-08-18,0.02
1681,2016-08-18,0.02
1682,2016-08-19,0.0
1683,2016-08-19,0.0
1684,2016-08-20,0.0
1685,2016-08-20,0.0
1686,2016-08-21,0.0
1687,2016-08-21,0.0
1688,2016-08-22,0.0
1689,2016-08-22,0.0
1690,2016-08-23,0.61
1691,2016-08-23,0.61
1692,2016-08-24,0.0
1693,2016-08-24,0.0
1694,2016-08-25,0.0
1695,2016-08-25,0.0
1696,2016-08-26,0.0
1697,2016-08-26,0.0
1698,2016-08-27,0.0
1699,2016-08-27,0.0
1700,2016-08-28,0.0
1701,2016-08-28,0.0
1702,2016-08-29,0.0
1703,2016-08-29,0.0
1704,2016-08-30,0.0
1705,2016-08-30,0.0
1706,2016-08-31,0.0
1707,2016-08-31,0.0
1708,2016-09-01,0.0
1709,2016-09-01,0.0
1710,2016-09-02,0.0
1711,2016-09-02,0.0
1712,2016-09-03,0.0
1713,2016-09-03,0.0
1714,2016-09-04,0.0
1715,2016-09-04,0.0
1716,2016-09-05,0.0
1717,2016-09-05,0.0
1718,2016-09-06,0.0
1719,2016-09-06,0.0
1720,2016-09-07,0.0
1721,2016-09-07,0.0
1722,2016-09-08,0.0
1723,2016-09-08,0.0
1724,2016-09-09,0.0
1725,2016-09-09,0.0
1726,2016-09-10,0.0
1727,2016-09-10,0.0
1728,2016-09-11,0.0
1729,2016-09-11,0.0
1730,2016-09-12,0.0
1731,2016-09-12,0.0
1732,2016-09-13,0.0
1733,2016-09-13,0.0
1734,2016-09-14,0.0
1735,2016-09-14,0.0
1736,2016-09-15,0.0
1737,2016-09-15,0.0
1738,2016-09-16,0.0
1739,2016-09-16,0.0
1740,2016-09-17,0.0
1741,2016-09-17,0.0
1742,2016-09-18,0.0
1743,2016-09-18,0.0
1744,2016-09-19,0.0
1745,2016-09-19,0.0
1746,2016-09-20,0.0
1747,2016-09-20,0.0
1748,2016-09-21,
1749,2016-09-21,
1750,2016-09-22,0.0
1751,2016-09-22,0.0
1752,2016-09-23,0.0
1753,2016-09-23,0.0
1754,2016-09-24,0.0
1755,2016-09-24,0.0
1756,2016-09-25,0.0
1757,2016-09-25,0.0
1758,2016-09-26,0.0
1759,2016-09-26,0.0
1760,2016-09-27,0.0
1761,2016-09-27,0.0
1762,2016-09-28,0.0
1763,2016-09-28,0.0
1764,2016-09-29,0.0
1765,2016-09-29,0.0
1766,2016-09-30,0.0
1767,2016-09-30,0.0
1768,2016-10-01,0.0
1769,2016-10-01,0.0
1770,2016-10-02,0.0
1771,2016-10-02,0.0
1772,2016-10-03,0.0
1773,2016-10-03,0.0
1774,2016-10-04,0.0
1775,2016-10-04,0.0
1776,2016-10-05,0.0
1777,2016-10-05,0.0
1778,2016-10-06,0.0
1779,2016-10-06,0.0
1780,2016-10-07,0.0
1781,2016-10-07,0.0
1782,2016-10-08,0.0
1783,2016-10-08,0.0
1784,2016-10-09,0.0
1785,2016-10-09,0.0
1786,2016-10-10,0.0
1787,2016-10-10,0.0
1788,2016-10-11,0.0
1789,2016-10-11,0.0
1790,2016-10-12,0.0
1791,2016-10-12,0.0
1792,2016-10-13,0.0
1793,2016-10-13,0.0
1794,2016-10-14,0.0
1795,2016-10-14,0.0
1796,2016-10-15,0.0
1797,2016-10-15,0.0
1798,2016-10-16,0.0
1799,2016-10-16,0.0
1800,2016-10-17,0.0
1801,2016-10-17,0.0
1802,2016-10-18,0.0
1803,2016-10-18,0.0
1804,2016-10-19,0.0
1805,2016-10-19,0.0
1806,2016-10-20,0.0
1807,2016-10-20,0.0
1808,2016-10-21,0.0
1809,2016-10-21,0.0
1810,2016-10-22,0.0
1811,2016-10-22,0.0
1812,2016-10-23,0.0
1813,2016-10-23,0.0
1814,2016-10-24,0.01
1815,2016-10-24,0.01
1816,2016-10-25,0.27
1817,2016-10-25,0.27
1818,2016-10-26,0.0
1819,2016-10-26,0.0
1820,2016-10-27,0.0
1821,2016-10-27,0.0
1822,2016-10-28,0.0
1823,2016-10-28,0.0
1824,2016-10-29,0.0
1825,2016-10-29,0.0
1826,2016-10-30,0.0
1827,2016-10-30,0.0
1828,2016-10-31,0.0
1829,2016-10-31,0.0
1830,2016-11-01,0.0
1831,2016-11-01,0.0
1832,2016-11-02,0.0
1833,2016-11-02,0.0
1834,2016-11-03,0.0
1835,2016-11-03,0.0
1836,2016-11-04,0.0
1837,2016-11-04,0.0
1838,2016-11-05,0.0
1839,2016-11-05,0.0
1840,2016-11-06,0.0
1841,2016-11-06,0.0
1842,2016-11-07,0.0
1843,2016-11-07,0.0
1844,2016-11-08,0.0
1845,2016-11-08,0.0
1846,2016-11-09,0.0
1847,2016-11-09,0.0
1848,2016-11-10,0.0
1849,2016-11-10,0.0
1850,2016-11-11,0.0
1851,2016-11-11,0.0
1852,2016-11-12,0.0
1853,2016-11-12,0.0
1854,2016-11-13,0.0
1855,2016-11-13,0.0
1856,2016-11-14,0.0
1857,2016-11-14,0.0
1858,2016-11-15,0.0
1859,2016-11-15,0.0
1860,2016-11-16,0.0
1861,2016-11-16,0.0
1862,2016-11-17,0.0
1863,2016-11-17,0.0
1864,2016-11-18,0.0
1865,2016-11-18,0.0
1866,2016-11-19,0.0
1867,2016-11-19,0.0
1868,2016-11-20,0.0
1869,2016-11-20,0.0
1870,2016-11-21,0.04
1871,2016-11-21,0.04
1872,2016-11-22,0.0
1873,2016-11-22,0.0
1874,2016-11-23,0.0
1875,2016-11-23,0.0
1876,2016-11-24,0.0
1877,2016-11-24,0.0
1878,2016-11-25,0.0
1879,2016-11-25,0.0
1880,2016-11-26,0.0
1881,2016-11-26,0.0
1882,2016-11-27,0.0
1883,2016-11-27,0.0
1884,2016-11-28,0.0
1885,2016-11-28,0.0
1886,2016-11-29,0.0
1887,2016-11-29,0.0
1888,2016-11-30,0.0
1889,2016-11-30,0.0
1890,2016-12-01,0.0
1891,2016-12-01,0.0
1892,2016-12-02,0.0
1893,2016-12-02,0.0
1894,2016-12-03,0.0
1895,2016-12-03,0.0
1896,2016-12-04,0.0
1897,2016-12-04,0.0
1898,2016-12-05,0.0
1899,2016-12-05,0.0
1900,2016-12-06,0.0
1901,2016-12-06,0.0
1902,2016-12-07,0.0
1903,2016-12-07,0.0
1904,2016-12-08,0.0
1905,2016-12-08,0.0
1906,2016-12-09,0.0
1907,2016-12-09,0.0
1908,2016-12-10,0.0
1909,2016-12-10,0.0
1910,2016-12-11,0.0
1911,2016-12-11,0.0
1912,2016-12-12,
1913,2016-12-12,
1914,2016-12-13,0.0
1915,2016-12-13,0.0
1916,2016-12-14,
1917,2016-12-14,
1918,2016-12-15,
1919,2016-12-15,
1920,2016-12-16,
1921,2016-12-16,
1922,2016-12-17,
1923,2016-12-17,
1924,2016-12-18,
1925,2016-12-18,
1926,2016-12-19,
1927,2016-12-19,
1928,2016-12-20,
1929,2016-12-20,
1930,2016-12-21,
1931,2016-12-21,
1932,2016-12-22,
1933,2016-12-22,
1934,2016-12-23,
1935,2016-12-23,
1936,2016-12-24,0.75
1937,2016-12-24,0.75
1938,2016-12-25,
1939,2016-12-25,
1940,2016-12-26,0.05
1941,2016-12-26,0.05
1942,2016-12-27,0.0
1943,2016-12-27,0.0
1944,2016-12-28,0.0
1945,2016-12-28,0.0
1946,2016-12-29,0.0
1947,2016-12-29,0.0
1948,2016-12-30,0.0
1949,2016-12-30,0.0
1950,2016-12-31,0.59
1951,2016-12-31,0.59
1952,2017-01-01,
1953,2017-01-01,
1954,2017-01-02,0.0
1955,2017-01-02,0.0
1956,2017-01-03,0.0
1957,2017-01-03,0.0
1958,2017-01-04,0.0
1959,2017-01-04,0.0
1960,2017-01-05,0.0
1961,2017-01-05,0.0
1962,2017-01-06,0.0
1963,2017-01-06,0.0
1964,2017-01-07,0.0
1965,2017-01-07,0.0
1966,2017-01-08,0.05
1967,2017-01-08,0.05
1968,2017-01-09,0.0
1969,2017-01-09,0.0
1970,2017-01-10,0.0
1971,2017-01-10,0.0
1972,2017-01-11,0.0
1973,2017-01-11,0.0
1974,2017-01-12,0.0
1975,2017-01-12,0.0
1976,2017-01-13,0.04
1977,2017-01-13,0.04
1978,2017-01-14,0.01
1979,2017-01-14,0.01
1980,2017-01-15,0.02
1981,2017-01-15,0.02
1982,2017-01-16,0.03
1983,2017-01-16,0.03
1984,2017-01-17,0.0
1985,2017-01-17,0.0
1986,2017-01-18,0.0
1987,2017-01-18,0.0
1988,2017-01-19,0.06
1989,2017-01-19,0.06
1990,2017-01-20,0.08
1991,2017-01-20,0.08
1992,2017-01-21,0.25
1993,2017-01-21,0.25
1994,2017-01-22,0.01
1995,2017-01-22,0.01
1996,2017-01-23,0.45
1997,2017-01-23,0.45
1998,2017-01-24,0.01
1999,2017-01-24,0.01
2000,2017-01-25,0.0
2001,2017-01-25,0.0
2002,2017-01-26,0.0
2003,2017-01-26,0.0
2004,2017-01-27,0.0
2005,2017-01-27,0.0
2006,2017-01-28,0.0
2007,2017-01-28,0.0
2008,2017-01-29,0.0
2009,2017-01-29,0.0
2010,2017-01-30,
2011,2017-01-30,
2012,2017-01-31,0.0
2013,2017-01-31,0.0
2014,2017-02-01,0.0
2015,2017-02-01,0.0
2016,2017-02-02,0.0
2017,2017-02-02,0.0
2018,2017-02-03,0.0
2019,2017-02-03,0.0
2020,2017-02-04,0.0
2021,2017-02-04,0.0
2022,2017-02-05,0.0
2023,2017-02-05,0.0
2024,2017-02-06,0.0
2025,2017-02-06,0.0
2026,2017-02-07,0.0
2027,2017-02-07,0.0
2028,2017-02-08,0.0
2029,2017-02-08,0.0
2030,2017-02-09,0.0
2031,2017-02-09,0.0
2032,2017-02-10,0.0
2033,2017-02-10,0.0
2034,2017-02-11,0.04
2035,2017-02-11,0.04
2036,2017-02-12,0.06
2037,2017-02-12,0.06
2038,2017-02-13,0.02
2039,2017-02-13,0.02
2040,2017-02-14,0.0
2041,2017-02-14,0.0
2042,2017-02-15,0.0
2043,2017-02-15,0.0
2044,2017-02-16,0.0
2045,2017-02-16,0.0
2046,2017-02-17,0.0
2047,2017-02-17,0.0
2048,2017-02-18,0.17
2049,2017-02-18,0.17
2050,2017-02-19,0.52
2051,2017-02-19,0.52
2052,2017-02-20,0.0
2053,2017-02-20,0.0
2054,2017-02-21,0.01
2055,2017-02-21,0.01
2056,2017-02-22,0.0
2057,2017-02-22,0.0
2058,2017-02-23,0.0
2059,2017-02-23,0.0
2060,2017-02-24,0.0
2061,2017-02-24,0.0
2062,2017-02-25,0.0
2063,2017-02-25,0.0
2064,2017-02-26,0.0
2065,2017-02-26,0.0
2066,2017-02-27,0.0
2067,2017-02-27,0.0
2068,2017-02-28,0.0
2069,2017-02-28,0.0
2070,2017-03-01,0.0
2071,2017-03-01,0.0
2072,2017-03-02,0.0
2073,2017-03-02,0.0
2074,2017-03-03,0.0
2075,2017-03-03,0.0
2076,2017-03-04,0.0
2077,2017-03-04,0.0
2078,2017-03-05,0.0
2079,2017-03-05,0.0
2080,2017-03-06,0.0
2081,2017-03-06,0.0
2082,2017-03-07,0.0
2083,2017-03-07,0.0
2084,2017-03-08,0.0
2085,2017-03-08,0.0
2086,2017-03-09,0.0
2087,2017-03-09,0.0
2088,2017-03-10,0.0
2089,2017-03-10,0.0
2090,2017-03-11,0.0
2091,2017-03-11,0.0
2092,2017-03-12,0.0
2093,2017-03-12,0.0
2094,2017-03-13,0.0
2095,2017-03-13,0.0
2096,2017-03-14,0.0
2097,2017-03-14,0.0
2098,2017-03-15,0.0
2099,2017-03-15,0.0
2100,2017-03-16,0.0
2101,2017-03-16,0.0
2102,2017-03-17,0.0
2103,2017-03-17,0.0
2104,2017-03-18,0.0
2105,2017-03-18,0.0
2106,2017-03-19,0.0
2107,2017-03-19,0.0
2108,2017-03-20,0.0
2109,2017-03-20,0.0
2110,2017-03-21,0.0
2111,2017-03-21,0.0
2112,2017-03-22,0.0
2113,2017-03-22,0.0
2114,2017-03-23,0.01
2115,2017-03-23,0.01
2116,2017-03-24,0.0
2117,2017-03-24,0.0
2118,2017-03-25,0.01
2119,2017-03-25,0.01
2120,2017-03-26,0.0
2121,2017-03-26,0.0
2122,2017-03-27,0.0
2123,2017-03-27,0.0
2124,2017-03-28,0.0
2125,2017-03-28,0.0
2126,2017-03-29,0.0
2127,2017-03-29,0.0
2128,2017-03-30,0.0
2129,2017-03-30,0.0
2130,2017-03-31,0.0
2131,2017-03-31,0.0
2132,2017-04-01,0.01
2133,2017-04-01,0.01
2134,2017-04-02,0.0
2135,2017-04-02,0.0
2136,2017-04-03,0.0
2137,2017-04-03,0.0
2138,2017-04-04,0.13
2139,2017-04-04,0.13
2140,2017-04-05,0.0
2141,2017-04-05,0.0
2142,2017-04-06,0.0
2143,2017-04-06,0.0
2144,2017-04-07,0.0
2145,2017-04-07,0.0
2146,2017-04-08,0.0
2147,2017-04-08,0.0
2148,2017-04-09,0.0
2149,2017-04-09,0.0
2150,2017-04-10,0.0
2151,2017-04-10,0.0
2152,2017-04-11,0.0
2153,2017-04-11,0.0
2154,2017-04-12,0.0
2155,2017-04-12,0.0
2156,2017-04-13,0.0
2157,2017-04-13,0.0
2158,2017-04-14,0.0
2159,2017-04-14,0.0
2160,2017-04-15,0.0
2161,2017-04-15,0.0
2162,2017-04-16,0.0
2163,2017-04-16,0.0
2164,2017-04-17,0.0
2165,2017-04-17,0.0
2166,2017-04-18,0.0
2167,2017-04-18,0.0
2168,2017-04-19,0.0
2169,2017-04-19,0.0
2170,2017-04-20,0.0
2171,2017-04-20,0.0
2172,2017-04-21,0.0
2173,2017-04-21,0.0
2174,2017-04-22,0.0
2175,2017-04-22,0.0
2176,2017-04-23,0.0
2177,2017-04-23,0.0
2178,2017-04-24,0.0
2179,2017-04-24,0.0
2180,2017-04-25,0.0
2181,2017-04-25,0.0
2182,2017-04-26,0.0
2183,2017-04-26,0.0
2184,2017-04-27,0.0
2185,2017-04-27,0.0
2186,2017-04-28,0.0
2187,2017-04-28,0.0
2188,2017-04-29,0.0
2189,2017-04-29,0.0
2190,2017-04-30,0.0
2191,2017-04-30,0.0
2192,2017-05-01,0.0
2193,2017-05-01,0.0
2194,2017-05-02,0.0
2195,2017-05-02,0.0
2196,2017-05-03,0.0
2197,2017-05-03,0.0
2198,2017-05-04,0.0
2199,2017-05-04,0.0
2200,2017-05-05,0.0
2201,2017-05-05,0.0
2202,2017-05-06,0.0
2203,2017-05-06,0.0
2204,2017-05-07,0.0
2205,2017-05-07,0.0
2206,2017-05-08,0.0
2207,2017-05-08,0.0
2208,2017-05-09,0.0
2209,2017-05-09,0.0
2210,2017-05-10,0.1
2211,2017-05-10,0.1
2212,2017-05-11,0.0
2213,2017-05-11,0.0
2214,2017-05-12,0.0
2215,2017-05-12,0.0
2216,2017-05-13,0.0
2217,2017-05-13,0.0
2218,2017-05-14,0.0
2219,2017-05-14,0.0
2220,2017-05-15,0.0
2221,2017-05-15,0.0
2222,2017-05-16,0.0
2223,2017-05-16,0.0
2224,2017-05-17,0.0
2225,2017-05-17,0.0
2226,2017-05-18,0.0
2227,2017-05-18,0.0
2228,2017-05-19,0.0
2229,2017-05-19,0.0
2230,2017-05-20,0.0
2231,2017-05-20,0.0
2232,2017-05-21,0.0
2233,2017-05-21,0.0
2234,2017-05-22,0.0
2235,2017-05-22,0.0
2236,2017-05-23,0.0
2237,2017-05-23,0.0
2238,2017-05-24,0.0
2239,2017-05-24,0.0
2240,2017-05-25,0.0
2241,2017-05-25,0.0
2242,2017-05-26,0.0
2243,2017-05-26,0.0
2244,2017-05-27,0.0
2245,2017-05-27,0.0
2246,2017-05-28,0.0
2247,2017-05-28,0.0
2248,2017-05-29,0.0
2249,2017-05-29,0.0
2250,2017-05-30,0.0
2251,2017-05-30,0.0
2252,2017-05-31,0.0
2253,2017-05-31,0.0
2254,2017-06-01,0.0
2255,2017-06-01,0.0
2256,2017-06-02,0.0
2257,2017-06-02,0.0
2258,2017-06-03,0.0
2259,2017-06-03,0.0
2260,2017-06-04,0.0
2261,2017-06-04,0.0
2262,2017-06-05,0.0
2263,2017-06-05,0.0
2264,2017-06-06,0.0
2265,2017-06-06,0.0
2266,2017-06-07,0.0
2267,2017-06-07,0.0
2268,2017-06-08,0.0
2269,2017-06-08,0.0
2270,2017-06-09,0.0
2271,2017-06-09,0.0
2272,2017-06-10,0.0
2273,2017-06-10,0.0
2274,2017-06-11,0.0
2275,2017-06-11,0.0
2276,2017-06-12,0.0
2277,2017-06-12,0.0
2278,2017-06-13,0.0
2279,2017-06-13,0.0
2280,2017-06-14,0.0
2281,2017-06-14,0.0
2282,2017-06-15,0.0
2283,2017-06-15,0.0
2284,2017-06-16,0.0
2285,2017-06-16,0.0
2286,2017-06-17,0.0
2287,2017-06-17,0.0
2288,2017-06-18,0.0
2289,2017-06-18,0.0
2290,2017-06-19,0.0
2291,2017-06-19,0.0
2292,2017-06-20,0.0
2293,2017-06-20,0.0
2294,2017-06-21,0.0
2295,2017-06-21,0.0
2296,2017-06-22,0.0
2297,2017-06-22,0.0
2298,2017-06-23,0.0
2299,2017-06-23,0.0
2300,2017-06-24,0.0
2301,2017-06-24,0.0
2302,2017-06-25,0.0
2303,2017-06-25,0.0
2304,2017-06-26,0.0
2305,2017-06-26,0.0
2306,2017-06-27,0.0
2307,2017-06-27,0.0
2308,2017-06-28,0.0
2309,2017-06-28,0.0
2310,2017-06-29,0.0
2311,2017-06-29,0.0
2312,2017-06-30,0.0
2313,2017-06-30,0.0
2314,2017-07-01,0.0
2315,2017-07-01,0.0
2316,2017-07-02,0.0
2317,2017-07-02,0.0
2318,2017-07-03,0.0
2319,2017-07-03,0.0
2320,2017-07-04,0.0
2321,2017-07-04,0.0
2322,2017-07-05,0.0
2323,2017-07-05,0.0
2324,2017-07-06,0.0
2325,2017-07-06,0.0
2326,2017-07-07,0.0
2327,2017-07-07,0.0
2328,2017-07-08,0.0
2329,2017-07-08,0.0
2330,2017-07-09,0.0
2331,2017-07-09,0.0
2332,2017-07-10,0.0
2333,2017-07-10,0.0
2334,2017-07-11,0.0
2335,2017-07-11,0.0
2336,2017-07-12,0.0
2337,2017-07-12,0.0
2338,2017-07-13,0.0
2339,2017-07-13,0.0
2340,2017-07-14,0.0
2341,2017-07-14,0.0
2342,2017-07-15,0.0
2343,2017-07-15,0.0
2344,2017-07-16,0.0
2345,2017-07-16,0.0
2346,2017-07-17,0.0
2347,2017-07-17,0.0
2348,2017-07-18,0.0
2349,2017-07-18,0.0
2350,2017-07-19,0.35
2351,2017-07-19,0.35
2352,2017-07-20,0.27
2353,2017-07-20,0.27
2354,2017-07-21,0.0
2355,2017-07-21,0.0
2356,2017-07-22,0.0
2357,2017-07-22,0.0
2358,2017-07-23,0.0
2359,2017-07-23,0.0
2360,2017-07-24,0.0
2361,2017-07-24,0.0
2362,2017-07-25,0.6
2363,2017-07-25,0.6
2364,2017-07-26,0.06
2365,2017-07-26,0.06
2366,2017-07-27,0.0
2367,2017-07-27,0.0
2368,2017-07-28,0.0
2369,2017-07-28,0.0
2370,2017-07-29,0.0
2371,2017-07-29,0.0
2372,2017-07-30,0.0
2373,2017-07-30,0.0
2374,2017-07-31,0.0
2375,2017-07-31,0.0
2376,2017-08-01,0.0
2377,2017-08-01,0.0
2378,2017-08-02,0.0
2379,2017-08-02,0.0
2380,2017-08-03,0.0
2381,2017-08-03,0.0
2382,2017-08-04,0.0
2383,2017-08-04,0.0
2384,2017-08-05,0.27
2385,2017-08-05,0.27
2386,2017-08-06,0.0
2387,2017-08-06,0.0
2388,2017-08-07,0.0
2389,2017-08-07,0.0
2390,2017-08-08,0.0
2391,2017-08-08,0.0
2392,2017-08-09,0.0
2393,2017-08-09,0.0
2394,2017-08-10,0.0
2395,2017-08-10,0.0
2396,2017-08-11,0.0
2397,2017-08-11,0.0
2398,2017-08-12,0.0
2399,2017-08-12,0.0
2400,2017-08-13,0.0
2401,2017-08-13,0.0
2402,2017-08-14,0.0
2403,2017-08-14,0.0
2404,2017-08-15,0.0
2405,2017-08-15,0.0
2406,2017-08-16,0.0
2407,2017-08-16,0.0
2408,2017-08-17,0.0
2409,2017-08-17,0.0
2410,2017-08-18,0.0
2411,2017-08-18,0.0
2412,2017-08-19,0.0
2413,2017-08-19,0.0
2414,2017-08-20,0.0
2415,2017-08-20,0.0
2416,2017-08-21,0.0
2417,2017-08-21,0.0
2418,2017-08-22,0.04
2419,2017-08-22,0.04
2420,2017-08-23,0.0
2421,2017-08-23,0.0
2422,2017-08-24,0.03
2423,2017-08-24,0.03
2424,2017-08-25,0.53
2425,2017-08-25,0.53
2426,2017-08-26,0.0
2427,2017-08-26,0.0
2428,2017-08-27,0.0
2429,2017-08-27,0.0
2430,2017-08-28,0.0
2431,2017-08-28,0.0
2432,2017-08-29,0.0
2433,2017-08-29,0.0
2434,2017-08-30,0.0
2435,2017-08-30,0.0
2436,2017-08-31,0.0
2437,2017-08-31,0.0
2438,2017-09-01,0.0
2439,2017-09-01,0.0
2440,2017-09-02,0.0
2441,2017-09-02,0.0
2442,2017-09-03,0.0
2443,2017-09-03,0.0
2444,2017-09-04,0.0
2445,2017-09-04,0.0
2446,2017-09-05,0.0
2447,2017-09-05,0.0
2448,2017-09-06,0.0
2449,2017-09-06,0.0
2450,2017-09-07,0.0
2451,2017-09-07,0.0
2452,2017-09-08,0.05
2453,2017-09-08,0.05
2454,2017-09-09,0.17
2455,2017-09-09,0.17
2456,2017-09-10,0.0
2457,2017-09-10,0.0
2458,2017-09-11,0.0
2459,2017-09-11,0.0
2460,2017-09-12,0.0
2461,2017-09-12,0.0
2462,2017-09-13,0.0
2463,2017-09-13,0.0
2464,2017-09-14,0.0
2465,2017-09-14,0.0
2466,2017-09-15,0.0
2467,2017-09-15,0.0
2468,2017-09-16,0.0
2469,2017-09-16,0.0
2470,2017-09-17,0.0
2471,2017-09-17,0.0
2472,2017-09-18,0.0
2473,2017-09-18,0.0
2474,2017-09-19,0.0
2475,2017-09-19,0.0
2476,2017-09-20,0.0
2477,2017-09-20,0.0
2478,2017-09-21,0.0
2479,2017-09-21,0.0
2480,2017-09-22,0.0
2481,2017-09-22,0.0
2482,2017-09-23,0.0
2483,2017-09-23,0.0
2484,2017-09-24,0.0
2485,2017-09-24,0.0
2486,2017-09-25,0.0
2487,2017-09-25,0.0
2488,2017-09-26,0.0
2489,2017-09-26,0.0
2490,2017-09-27,0.0
2491,2017-09-27,0.0
2492,2017-09-28,0.0
2493,2017-09-28,0.0
2494,2017-09-29,0.0
2495,2017-09-29,0.0
2496,2017-09-30,0.0
2497,2017-09-30,0.0
2498,2017-10-01,0.0
2499,2017-10-01,0.0
2500,2017-10-02,0.0
2501,2017-10-02,0.0
2502,2017-10-03,0.0
2503,2017-10-03,0.0
2504,2017-10-04,0.0
2505,2017-10-04,0.0
2506,2017-10-05,0.0
2507,2017-10-05,0.0
2508,2017-10-06,0.0
2509,2017-10-06,0.0
2510,2017-10-07,0.0
2511,2017-10-07,0.0
2512,2017-10-08,0.0
2513,2017-10-08,0.0
2514,2017-10-09,0.0
2515,2017-10-09,0.0
2516,2017-10-10,0.0
2517,2017-10-10,0.0
2518,2017-10-11,0.0
2519,2017-10-11,0.0
2520,2017-10-12,0.0
2521,2017-10-12,0.0
2522,2017-10-13,0.0
2523,2017-10-13,0.0
2524,2017-10-14,0.0
2525,2017-10-14,0.0
2526,2017-10-15,0.0
2527,2017-10-15,0.0
2528,2017-10-16,0.0
2529,2017-10-16,0.0
2530,2017-10-17,0.0
2531,2017-10-17,0.0
2532,2017-10-18,0.0
2533,2017-10-18,0.0
2534,2017-10-19,0.0
2535,2017-10-19,0.0
2536,2017-10-20,0.0
2537,2017-10-20,0.0
2538,2017-10-21,0.0
2539,2017-10-21,0.0
2540,2017-10-22,0.0
2541,2017-10-22,0.0
2542,2017-10-23,0.0
2543,2017-10-23,0.0
2544,2017-10-24,0.0
2545,2017-10-24,0.0
2546,2017-10-25,0.0
2547,2017-10-25,0.0
2548,2017-10-26,0.0
2549,2017-10-26,0.0
2550,2017-10-27,0.0
2551,2017-10-27,0.0
2552,2017-10-28,0.0
2553,2017-10-28,0.0
2554,2017-10-29,0.0
2555,2017-10-29,0.0
2556,2017-10-30,0.0
2557,2017-10-30,0.0
2558,2017-10-31,0.0
2559,2017-10-31,0.0
2560,2017-11-01,0.0
2561,2017-11-01,0.0
2562,2017-11-02,0.0
2563,2017-11-02,0.0
2564,2017-11-03,0.0
2565,2017-11-03,0.0
2566,2017-11-04,0.0
2567,2017-11-04,0.0
2568,2017-11-05,0.0
2569,2017-11-05,0.0
2570,2017-11-06,0.0
2571,2017-11-06,0.0
2572,2017-11-07,0.0
2573,2017-11-07,0.0
2574,2017-11-08,0.0
2575,2017-11-08,0.0
2576,2017-11-09,0.0
2577,2017-11-09,0.0
2578,2017-11-10,0.0
2579,2017-11-10,0.0
2580,2017-11-11,0.0
2581,2017-11-11,0.0
2582,2017-11-12,0.0
2583,2017-11-12,0.0
2584,2017-11-13,0.0
2585,2017-11-13,0.0
2586,2017-11-14,0.0
2587,2017-11-14,0.0
2588,2017-11-15,0.0
2589,2017-11-15,0.0
2590,2017-11-16,0.0
2591,2017-11-16,0.0
2592,2017-11-17,0.0
2593,2017-11-17,0.0
2594,2017-11-18,0.0
2595,2017-11-18,0.0
2596,2017-11-19,0.0
2597,2017-11-19,0.0
2598,2017-11-20,0.0
2599,2017-11-20,0.0
2600,2017-11-21,0.0
2601,2017-11-21,0.0
2602,2017-11-22,0.0
2603,2017-11-22,0.0
2604,2017-11-23,0.0
2605,2017-11-23,0.0
2606,2017-11-24,0.0
2607,2017-11-24,0.0
2608,2017-11-25,0.0
2609,2017-11-25,0.0
2610,2017-11-26,0.0
2611,2017-11-26,0.0
2612,2017-11-27,0.0
2613,2017-11-27,0.0
2614,2017-11-28,0.0
2615,2017-11-28,0.0
2616,2017-11-29,0.0
2617,2017-11-29,0.0
2618,2017-11-30,0.0
2619,2017-11-30,0.0
2620,2017-12-01,0.0
2621,2017-12-01,0.0
2622,2017-12-02,0.0
2623,2017-12-02,0.0
2624,2017-12-03,0.0
2625,2017-12-03,0.0
2626,2017-12-04,0.0
2627,2017-12-04,0.0
2628,2017-12-05,0.0
2629,2017-12-05,0.0
2630,2017-12-06,0.0
2631,2017-12-06,0.0
2632,2017-12-07,0.0
2633,2017-12-07,0.0
2634,2017-12-08,0.0
2635,2017-12-08,0.0
2636,2017-12-09,0.0
2637,2017-12-09,0.0
2638,2017-12-10,0.0
2639,2017-12-10,0.0
2640,2017-12-11,0.0
2641,2017-12-11,0.0
2642,2017-12-12,0.0
2643,2017-12-12,0.0
2644,2017-12-13,0.0
2645,2017-12-13,0.0
2646,2017-12-14,0.0
2647,2017-12-14,0.0
2648,2017-12-15,0.0
2649,2017-12-15,0.0
2650,2017-12-16,0.0
2651,2017-12-16,0.0
2652,2017-12-17,0.0
2653,2017-12-17,0.0
2654,2017-12-18,0.0
2655,2017-12-18,0.0
2656,2017-12-19,0.0
2657,2017-12-19,0.0
2658,2017-12-20,0.0
2659,2017-12-20,0.0
2660,2017-12-21,0.0
2661,2017-12-21,0.0
2662,2017-12-22,0.0
2663,2017-12-22,0.0
2664,2017-12-23,0.0
2665,2017-12-23,0.0
2666,2017-12-24,0.0
2667,2017-12-24,0.0
2668,2017-12-25,0.0
2669,2017-12-25,0.0
2670,2017-12-26,0.0
2671,2017-12-26,0.0
2672,2017-12-27,0.0
2673,2017-12-27,0.0
2674,2017-12-28,0.0
2675,2017-12-28,0.0
2676,2017-12-29,0.0
2677,2017-12-29,0.0
2678,2017-12-30,0.0
2679,2017-12-30,0.0
2680,2017-12-31,0.0
2681,2017-12-31,0.0
2682,2018-01-01,0.0
2683,2018-01-01,0.0
2684,2018-01-02,0.0
2685,2018-01-02,0.0
2686,2018-01-03,0.0
2687,2018-01-03,0.0
2688,2018-01-04,0.0
2689,2018-01-04,0.0
2690,2018-01-05,0.0
2691,2018-01-05,0.0
2692,2018-01-06,0.0
2693,2018-01-06,0.0
2694,2018-01-07,0.0
2695,2018-01-07,0.0
2696,2018-01-08,0.0
2697,2018-01-08,0.0
2698,2018-01-09,0.85
2699,2018-01-09,0.85
2700,2018-01-10,0.52
2701,2018-01-10,0.52
2702,2018-01-11,0.0
2703,2018-01-11,0.0
2704,2018-01-12,0.0
2705,2018-01-12,0.0
2706,2018-01-13,0.0
2707,2018-01-13,0.0
2708,2018-01-14,0.0
2709,2018-01-14,0.0
2710,2018-01-15,0.0
2711,2018-01-15,0.0
2712,2018-01-16,0.0
2713,2018-01-16,0.0
2714,2018-01-17,0.0
2715,2018-01-17,0.0
2716,2018-01-18,0.0
2717,2018-01-18,0.0
2718,2018-01-19,0.0
2719,2018-01-19,0.0
2720,2018-01-20,0.0
2721,2018-01-20,0.0
2722,2018-01-21,0.0
2723,2018-01-21,0.0
2724,2018-01-22,0.0
2725,2018-01-22,0.0
2726,2018-01-23,0.0
2727,2018-01-23,0.0
2728,2018-01-24,0.0
2729,2018-01-24,0.0
2730,2018-01-25,0.0
2731,2018-01-25,0.0
2732,2018-01-26,0.0
2733,2018-01-26,0.0
2734,2018-01-27,0.0
2735,2018-01-27,0.0
2736,2018-01-28,0.0
2737,2018-01-28,0.0
2738,2018-01-29,0.0
2739,2018-01-29,0.0
2740,2018-01-30,0.0
2741,2018-01-30,0.0
2742,2018-01-31,0.0
2743,2018-01-31,0.0
2744,2018-02-01,0.0
2745,2018-02-01,0.0
2746,2018-02-02,0.0
2747,2018-02-02,0.0
2748,2018-02-03,0.0
2749,2018-02-03,0.0
2750,2018-02-04,0.0
2751,2018-02-04,0.0
2752,2018-02-05,0.0
2753,2018-02-05,0.0
2754,2018-02-06,0.0
2755,2018-02-06,0.0
2756,2018-02-07,0.0
2757,2018-02-07,0.0
2758,2018-02-08,0.0
2759,2018-02-08,0.0
2760,2018-02-09,0.0
2761,2018-02-09,0.0
2762,2018-02-10,0.0
2763,2018-02-10,0.0
2764,2018-02-11,0.0
2765,2018-02-11,0.0
2766,2018-02-12,0.0
2767,2018-02-12,0.0
2768,2018-02-13,0.15
2769,2018-02-13,0.15
2770,2018-02-14,0.02
2771,2018-02-14,0.02
2772,2018-02-15,0.0
2773,2018-02-15,0.0
2774,2018-02-16,0.0
2775,2018-02-16,0.0
2776,2018-02-17,0.0
2777,2018-02-17,0.0
2778,2018-02-18,0.0
2779,2018-02-18,0.0
2780,2018-02-19,0.0
2781,2018-02-19,0.0
2782,2018-02-20,0.0
2783,2018-02-20,0.0
2784,2018-02-21,0.0
2785,2018-02-21,0.0
2786,2018-02-22,0.0
2787,2018-02-22,0.0
2788,2018-02-23,0.0
2789,2018-02-23,0.0
2790,2018-02-24,0.0
2791,2018-02-24,0.0
2792,2018-02-25,0.0
2793,2018-02-25,0.0
2794,2018-02-26,0.0
2795,2018-02-26,0.0
2796,2018-02-27,0.0
2797,2018-02-27,0.0
2798,2018-02-28,0.02
2799,2018-02-28,0.02
2800,2018-03-01,0.0
2801,2018-03-01,0.0
2802,2018-03-02,0.0
2803,2018-03-02,0.0
2804,2018-03-03,0.0
2805,2018-03-03,0.0
2806,2018-03-04,0.0
2807,2018-03-04,0.0
2808,2018-03-05,0.0
2809,2018-03-05,0.0
2810,2018-03-06,0.0
2811,2018-03-06,0.0
2812,2018-03-07,0.0
2813,2018-03-07,0.0
2814,2018-03-08,0.0
2815,2018-03-08,0.0
2816,2018-03-09,0.0
2817,2018-03-09,0.0
2818,2018-03-10,0.0
2819,2018-03-10,0.0
2820,2018-03-11,0.66
2821,2018-03-11,0.66
2822,2018-03-12,0.02
2823,2018-03-12,0.02
2824,2018-03-13,0.0
2825,2018-03-13,0.0
2826,2018-03-14,0.0
2827,2018-03-14,0.0
2828,2018-03-15,0.0
2829,2018-03-15,0.0
2830,2018-03-16,0.05
2831,2018-03-16,0.05
2832,2018-03-17,0.0
2833,2018-03-17,0.0
2834,2018-03-18,0.0
2835,2018-03-18,0.0
2836,2018-03-19,0.0
2837,2018-03-19,0.0
2838,2018-03-20,0.0
2839,2018-03-20,0.0
2840,2018-03-21,0.0
2841,2018-03-21,0.0
2842,2018-03-22,0.02
2843,2018-03-22,0.02
2844,2018-03-23,0.0
2845,2018-03-23,0.0
2846,2018-03-24,0.0
2847,2018-03-24,0.0
2848,2018-03-25,0.0
2849,2018-03-25,0.0
2850,2018-03-26,0.0
2851,2018-03-26,0.0
2852,2018-03-27,0.0
2853,2018-03-27,0.0
2854,2018-03-28,0.0
2855,2018-03-28,0.0
2856,2018-03-29,0.0
2857,2018-03-29,0.0
2858,2018-03-30,0.0
2859,2018-03-30,0.0
2860,2018-03-31,0.0
2861,2018-03-31,0.0
2862,2018-04-01,0.0
2863,2018-04-01,0.0
2864,2018-04-02,0.0
2865,2018-04-02,0.0
2866,2018-04-03,0.0
2867,2018-04-03,0.0
2868,2018-04-04,0.0
2869,2018-04-04,0.0
2870,2018-04-05,0.0
2871,2018-04-05,0.0
2872,2018-04-06,0.0
2873,2018-04-06,0.0
2874,2018-04-07,0.0
2875,2018-04-07,0.0
2876,2018-04-08,0.0
2877,2018-04-08,0.0
2878,2018-04-09,0.0
2879,2018-04-09,0.0
2880,2018-04-10,0.0
2881,2018-04-10,0.0
2882,2018-04-11,0.0
2883,2018-04-11,0.0
2884,2018-04-12,0.0
2885,2018-04-12,0.0
2886,2018-04-13,0.0
2887,2018-04-13,0.0
2888,2018-04-14,0.0
2889,2018-04-14,0.0
2890,2018-04-15,0.0
2891,2018-04-15,0.0
2892,2018-04-16,0.0
2893,2018-04-16,0.0
2894,2018-04-17,0.0
2895,2018-04-17,0.0
2896,2018-04-18,0.0
2897,2018-04-18,0.0
2898,2018-04-19,0.0
2899,2018-04-19,0.0
2900,2018-04-20,0.0
2901,2018-04-20,0.0
2902,2018-04-21,0.0
2903,2018-04-21,0.0
2904,2018-04-22,0.0
2905,2018-04-22,0.0
2906,2018-04-23,0.0
2907,2018-04-23,0.0
2908,2018-04-24,0.0
2909,2018-04-24,0.0
2910,2018-04-25,0.0
2911,2018-04-25,0.0
2912,2018-04-26,0.0
2913,2018-04-26,0.0
2914,2018-04-27,0.0
2915,2018-04-27,0.0
2916,2018-04-28,0.0
2917,2018-04-28,0.0
2918,2018-04-29,0.0
2919,2018-04-29,0.0
2920,2018-04-30,0.0
2921,2018-04-30,0.0
2922,2018-05-01,0.0
2923,2018-05-01,0.0
2924,2018-05-02,0.1
2925,2018-05-02,0.1
2926,2018-05-03,0.0
2927,2018-05-03,0.0
2928,2018-05-04,0.0
2929,2018-05-04,0.0
2930,2018-05-05,0.0
2931,2018-05-05,0.0
2932,2018-05-06,0.0
2933,2018-05-06,0.0
2934,2018-05-07,0.0
2935,2018-05-07,0.0
2936,2018-05-08,0.0
2937,2018-05-08,0.0
2938,2018-05-09,0.0
2939,2018-05-09,0.0
2940,2018-05-10,0.0
2941,2018-05-10,0.0
2942,2018-05-11,0.0
2943,2018-05-11,0.0
2944,2018-05-12,0.0
2945,2018-05-12,0.0
2946,2018-05-13,0.0
2947,2018-05-13,0.0
2948,2018-05-14,0.0
2949,2018-05-14,0.0
2950,2018-05-15,0.0
2951,2018-05-15,0.0
2952,2018-05-16,0.0
2953,2018-05-16,0.0
2954,2018-05-17,0.0
2955,2018-05-17,0.0
2956,2018-05-18,0.0
2957,2018-05-18,0.0
2958,2018-05-19,0.0
2959,2018-05-19,0.0
2960,2018-05-20,0.0
2961,2018-05-20,0.0
2962,2018-05-21,0.0
2963,2018-05-21,0.0
2964,2018-05-22,0.0
2965,2018-05-22,0.0
2966,2018-05-23,0.01
2967,2018-05-23,0.01
2968,2018-05-24,0.0
2969,2018-05-24,0.0
2970,2018-05-25,0.0
2971,2018-05-25,0.0
2972,2018-05-26,0.0
2973,2018-05-26,0.0
2974,2018-05-27,0.0
2975,2018-05-27,0.0
2976,2018-05-28,0.0
2977,2018-05-28,0.0
2978,2018-05-29,0.0
2979,2018-05-29,0.0
2980,2018-05-30,0.0
2981,2018-05-30,0.0
2982,2018-05-31,0.0
2983,2018-05-31,0.0
2984,2018-06-01,0.0
2985,2018-06-01,0.0
2986,2018-06-02,0.0
2987,2018-06-02,0.0
2988,2018-06-03,0.0
2989,2018-06-03,0.0
2990,2018-06-04,0.0
2991,2018-06-04,0.0
2992,2018-06-05,0.0
2993,2018-06-05,0.0
2994,2018-06-06,0.0
2995,2018-06-06,0.0
2996,2018-06-07,0.0
2997,2018-06-07,0.0
2998,2018-06-08,0.0
2999,2018-06-08,0.0
3000,2018-06-09,0.0
3001,2018-06-09,0.0
3002,2018-06-10,0.0
3003,2018-06-10,0.0
3004,2018-06-11,0.0
3005,2018-06-11,0.0
3006,2018-06-12,0.0
3007,2018-06-12,0.0
3008,2018-06-13,0.0
3009,2018-06-13,0.0
3010,2018-06-14,0.0
3011,2018-06-14,0.0
3012,2018-06-15,0.0
3013,2018-06-15,0.0
3014,2018-06-16,0.0
3015,2018-06-16,0.0
3016,2018-06-17,0.0
3017,2018-06-17,0.0
3018,2018-06-18,0.0
3019,2018-06-18,0.0
3020,2018-06-19,0.0
3021,2018-06-19,0.0
3022,2018-06-20,0.0
3023,2018-06-20,0.0
3024,2018-06-21,0.0
3025,2018-06-21,0.0
3026,2018-06-22,0.0
3027,2018-06-22,0.0
3028,2018-06-23,0.0
3029,2018-06-23,0.0
3030,2018-06-24,0.0
3031,2018-06-24,0.0
3032,2018-06-25,0.0
3033,2018-06-25,0.0
3034,2018-06-26,0.0
3035,2018-06-26,0.0
3036,2018-06-27,0.0
3037,2018-06-27,0.0
3038,2018-06-28,0.0
3039,2018-06-28,0.0
3040,2018-06-29,0.0
3041,2018-06-29,0.0
3042,2018-06-30,0.0
3043,2018-06-30,0.0
3044,2018-07-01,0.0
3045,2018-07-01,0.0
3046,2018-07-02,0.0
3047,2018-07-02,0.0
3048,2018-07-03,0.0
3049,2018-07-03,0.0
3050,2018-07-04,0.0
3051,2018-07-04,0.0
3052,2018-07-05,0.0
3053,2018-07-05,0.0
3054,2018-07-06,0.0
3055,2018-07-06,0.0
3056,2018-07-07,0.0
3057,2018-07-07,0.0
3058,2018-07-08,0.0
3059,2018-07-08,0.0
3060,2018-07-09,0.0
3061,2018-07-09,0.0
3062,2018-07-10,0.4
3063,2018-07-10,0.4
3064,2018-07-11,0.0
3065,2018-07-11,0.0
3066,2018-07-12,0.0
3067,2018-07-12,0.0
3068,2018-07-13,0.0
3069,2018-07-13,0.0
3070,2018-07-14,0.0
3071,2018-07-14,0.0
3072,2018-07-15,0.67
3073,2018-07-15,0.67
3074,2018-07-16,0.0
3075,2018-07-16,0.0
3076,2018-07-17,0.0
3077,2018-07-17,0.0
3078,2018-07-18,0.0
3079,2018-07-18,0.0
3080,2018-07-19,0.0
3081,2018-07-19,0.0
3082,2018-07-20,0.0
3083,2018-07-20,0.0
3084,2018-07-21,0.0
3085,2018-07-21,0.0
3086,2018-07-22,0.0
3087,2018-07-22,0.0
3088,2018-07-23,0.0
3089,2018-07-23,0.0
3090,2018-07-24,0.0
3091,2018-07-24,0.0
3092,2018-07-25,0.0
3093,2018-07-25,0.0
3094,2018-07-26,0.0
3095,2018-07-26,0.0
3096,2018-07-27,0.3
3097,2018-07-27,0.3
3098,2018-07-28,0.0
3099,2018-07-28,0.0
3100,2018-07-29,0.0
3101,2018-07-29,0.0
3102,2018-07-30,0.0
3103,2018-07-30,0.0
3104,2018-07-31,0.0
3105,2018-07-31,0.0
3106,2018-08-01,0.0
3107,2018-08-01,0.0
3108,2018-08-02,0.0
3109,2018-08-02,0.0
3110,2018-08-03,0.33
3111,2018-08-03,0.33
3112,2018-08-04,0.0
3113,2018-08-04,0.0
3114,2018-08-05,0.0
3115,2018-08-05,0.0
3116,2018-08-06,0.0
3117,2018-08-06,0.0
3118,2018-08-07,0.0
3119,2018-08-07,0.0
3120,2018-08-08,0.0
3121,2018-08-08,0.0
3122,2018-08-09,0.0
3123,2018-08-09,0.0
3124,2018-08-10,0.0
3125,2018-08-10,0.0
3126,2018-08-11,0.0
3127,2018-08-11,0.0
3128,2018-08-12,0.5
3129,2018-08-12,0.5
3130,2018-08-13,0.0
3131,2018-08-13,0.0
3132,2018-08-14,0.0
3133,2018-08-14,0.0
3134,2018-08-15,0.0
3135,2018-08-15,0.0
3136,2018-08-16,0.0
3137,2018-08-16,0.0
3138,2018-08-17,0.0
3139,2018-08-17,0.0
3140,2018-08-18,0.0
3141,2018-08-18,0.0
3142,2018-08-19,0.0
3143,2018-08-19,0.0
3144,2018-08-20,0.0
3145,2018-08-20,0.0
3146,2018-08-21,0.0
3147,2018-08-21,0.0
3148,2018-08-22,0.18
3149,2018-08-22,0.18
3150,2018-08-23,
3151,2018-08-23,
3152,2018-08-24,0.05
3153,2018-08-24,0.05
3154,2018-08-25,0.0
3155,2018-08-25,0.0
3156,2018-08-26,0.0
3157,2018-08-26,0.0
3158,2018-08-27,0.0
3159,2018-08-27,0.0
3160,2018-08-28,
3161,2018-08-28,
3162,2018-08-29,0.0
3163,2018-08-29,0.0
3164,2018-08-30,0.0
3165,2018-08-30,0.0
3166,2018-08-31,0.0
3167,2018-08-31,0.0
3168,2018-09-01,
3169,2018-09-01,
3170,2018-09-02,0.0
3171,2018-09-02,0.0
3172,2018-09-03,0.0
3173,2018-09-03,0.0
3174,2018-09-04,0.0
3175,2018-09-04,0.0
3176,2018-09-05,0.0
3177,2018-09-05,0.0
3178,2018-09-06,0.0
3179,2018-09-06,0.0
3180,2018-09-07,
3181,2018-09-07,
3182,2018-09-08,0.0
3183,2018-09-08,0.0
3184,2018-09-09,
3185,2018-09-09,
3186,2018-09-10,
3187,2018-09-10,
3188,2018-09-11,
3189,2018-09-11,
3190,2018-09-12,
3191,2018-09-12,
3192,2018-09-13,0.0
3193,2018-09-13,0.0
3194,2018-09-14,
3195,2018-09-14,
3196,2018-09-15,0.0
3197,2018-09-15,0.0
3198,2018-09-16,
3199,2018-09-16,
3200,2018-09-17,
3201,2018-09-17,
3202,2018-09-18,0.0
3203,2018-09-18,0.0
3204,2018-09-19,0.0
3205,2018-09-19,0.0
3206,2018-09-20,
3207,2018-09-20,
3208,2018-09-21,
3209,2018-09-21,
3210,2018-09-22,
3211,2018-09-22,
3212,2018-09-23,
3213,2018-09-23,
3214,2018-09-24,
3215,2018-09-24,
3216,2018-09-25,
3217,2018-09-25,
3218,2018-09-26,0.0
3219,2018-09-26,0.0
3220,2018-09-27,
3221,2018-09-27,
3222,2018-09-28,
3223,2018-09-28,
3224,2018-09-29,
3225,2018-09-29,
3226,2018-09-30,
3227,2018-09-30,
3228,2018-10-01,0.35
3229,2018-10-01,0.35
3230,2018-10-02,0.0
3231,2018-10-02,0.0
3232,2018-10-03,0.1
3233,2018-10-03,0.1
3234,2018-10-04,
3235,2018-10-04,
3236,2018-10-05,
3237,2018-10-05,
3238,2018-10-06,
3239,2018-10-06,
3240,2018-10-07,
3241,2018-10-07,
3242,2018-10-08,
3243,2018-10-08,
3244,2018-10-09,
3245,2018-10-09,
3246,2018-10-10,0.0
3247,2018-10-10,0.0
3248,2018-10-11,0.0
3249,2018-10-11,0.0
3250,2018-10-12,0.25
3251,2018-10-12,0.25
3252,2018-10-13,0.0
3253,2018-10-13,0.0
3254,2018-10-14,0.0
3255,2018-10-14,0.0
3256,2018-10-15,0.0
3257,2018-10-15,0.0
3258,2018-10-16,0.0
3259,2018-10-16,0.0
3260,2018-10-17,0.0
3261,2018-10-17,0.0
3262,2018-10-18,0.0
3263,2018-10-18,0.0
3264,2018-10-19,0.0
3265,2018-10-19,0.0
3266,2018-10-20,0.0
3267,2018-10-20,0.0
3268,2018-10-21,0.15
3269,2018-10-21,0.15
3270,2018-10-22,0.04
3271,2018-10-22,0.04
3272,2018-10-23,0.0
3273,2018-10-23,0.0
3274,2018-10-24,0.0
3275,2018-10-24,0.0
3276,2018-10-25,0.0
3277,2018-10-25,0.0
3278,2018-10-26,0.0
3279,2018-10-26,0.0
3280,2018-10-27,0.0
3281,2018-10-27,0.0
3282,2018-10-28,0.0
3283,2018-10-28,0.0
3284,2018-10-29,0.0
3285,2018-10-29,0.0
3286,2018-10-30,0.0
3287,2018-10-30,0.0
3288,2018-10-31,0.0
3289,2018-10-31,0.0
3290,2018-11-01,0.0
3291,2018-11-01,0.0
3292,2018-11-02,0.0
3293,2018-11-02,0.0
3294,2018-11-03,0.0
3295,2018-11-03,0.0
3296,2018-11-04,0.0
3297,2018-11-04,0.0
3298,2018-11-05,0.0
3299,2018-11-05,0.0
3300,2018-11-06,0.0
3301,2018-11-06,0.0
3302,2018-11-07,
3303,2018-11-07,
3304,2018-11-08,0.0
3305,2018-11-08,0.0
3306,2018-11-09,0.0
3307,2018-11-09,0.0
3308,2018-11-10,0.0
3309,2018-11-10,0.0
3310,2018-11-11,0.0
3311,2018-11-11,0.0
3312,2018-11-12,0.0
3313,2018-11-12,0.0
3314,2018-11-13,0.0
3315,2018-11-13,0.0
3316,2018-11-14,0.0
3317,2018-11-14,0.0
3318,2018-11-15,0.0
3319,2018-11-15,0.0
3320,2018-11-16,0.0
3321,2018-11-16,0.0
3322,2018-11-17,0.0
3323,2018-11-17,0.0
3324,2018-11-18,0.0
3325,2018-11-18,0.0
3326,2018-11-19,0.0
3327,2018-11-19,0.0
3328,2018-11-20,0.0
3329,2018-11-20,0.0
3330,2018-11-21,0.0
3331,2018-11-21,0.0
3332,2018-11-22,
3333,2018-11-22,
3334,2018-11-23,0.0
3335,2018-11-23,0.0
3336,2018-11-24,0.0
3337,2018-11-24,0.0
3338,2018-11-25,0.0
3339,2018-11-25,0.0
3340,2018-11-26,0.0
3341,2018-11-26,0.0
3342,2018-11-27,0.0
3343,2018-11-27,0.0
3344,2018-11-28,0.0
3345,2018-11-28,0.0
3346,2018-11-29,0.0
3347,2018-11-29,0.0
3348,2018-11-30,0.12
3349,2018-11-30,0.12
3350,2018-12-01,0.0
3351,2018-12-01,0.0
3352,2018-12-02,0.0
3353,2018-12-02,0.0
3354,2018-12-03,0.0
3355,2018-12-03,0.0
3356,2018-12-04,0.0
3357,2018-12-04,0.0
3358,2018-12-05,0.0
3359,2018-12-05,0.0
3360,2018-12-06,0.4
3361,2018-12-06,0.4
3362,2018-12-07,
3363,2018-12-07,
3364,2018-12-08,0.0
3365,2018-12-08,0.0
3366,2018-12-09,
3367,2018-12-09,
3368,2018-12-10,0.0
3369,2018-12-10,0.0
3370,2018-12-11,0.0
3371,2018-12-11,0.0
3372,2018-12-12,0.0
3373,2018-12-12,0.0
3374,2018-12-13,0.0
3375,2018-12-13,0.0
3376,2018-12-14,0.0
3377,2018-12-14,0.0
3378,2018-12-15,0.0
3379,2018-12-15,0.0
3380,2018-12-16,0.0
3381,2018-12-16,0.0
3382,2018-12-17,0.0
3383,2018-12-17,0.0
3384,2018-12-18,0.0
3385,2018-12-18,0.0
3386,2018-12-19,0.0
3387,2018-12-19,0.0
3388,2018-12-20,0.0
3389,2018-12-20,0.0
3390,2018-12-21,0.0
3391,2018-12-21,0.0
3392,2018-12-22,
3393,2018-12-22,
3394,2018-12-23,
3395,2018-12-23,
3396,2018-12-24,
3397,2018-12-24,
3398,2018-12-25,
3399,2018-12-25,
3400,2018-12-26,
3401,2018-12-26,
3402,2018-12-27,
3403,2018-12-27,
3404,2018-12-28,
3405,2018-12-28,
3406,2018-12-29,
3407,2018-12-29,
3408,2018-12-30,
3409,2018-12-30,
3410,2018-12-31,
3411,2018-12-31,
3412,2019-01-01,
3413,2019-01-01,
3414,2019-01-02,
3415,2019-01-02,
3416,2019-01-03,
3417,2019-01-03,
3418,2019-01-04,
3419,2019-01-04,
3420,2019-01-05,
3421,2019-01-05,
3422,2019-01-06,
3423,2019-01-06,
3424,2019-01-07,
3425,2019-01-07,
3426,2019-01-08,
3427,2019-01-08,
3428,2019-01-09,
3429,2019-01-09,
3430,2019-01-10,
3431,2019-01-10,
3432,2019-01-11,
3433,2019-01-11,
3434,2019-01-12,
3435,2019-01-12,
3436,2019-01-13,
3437,2019-01-13,
3438,2019-01-14,
3439,2019-01-14,
3440,2019-01-15,
3441,2019-01-15,
3442,2019-01-16,
3443,2019-01-16,
3444,2019-01-17,
3445,2019-01-17,
3446,2019-01-18,
3447,2019-01-18,
3448,2019-01-19,
3449,2019-01-19,
3450,2019-01-20,
3451,2019-01-20,
3452,2019-01-21,
3453,2019-01-21,
3454,2019-01-22,
3455,2019-01-22,
3456,2019-01-23,
3457,2019-01-23,
3458,2019-01-24,
3459,2019-01-24,
3460,2019-01-25,
3461,2019-01-25,
3462,2019-01-26,
3463,2019-01-26,
3464,2019-01-27,
3465,2019-01-27,
3466,2019-01-28,0.0
3467,2019-01-28,0.0
3468,2019-01-29,0.0
3469,2019-01-29,0.0
3470,2019-01-30,0.0
3471,2019-01-30,0.0
3472,2019-01-31,0.0
3473,2019-01-31,0.0
3474,2019-02-01,0.0
3475,2019-02-01,0.0
3476,2019-02-02,0.02
3477,2019-02-02,0.02
3478,2019-02-03,0.32
3479,2019-02-03,0.32
3480,2019-02-04,0.02
3481,2019-02-04,0.02
3482,2019-02-05,0.34
3483,2019-02-05,0.34
3484,2019-02-06,0.0
3485,2019-02-06,0.0
3486,2019-02-07,0.0
3487,2019-02-07,0.0
3488,2019-02-08,0.0
3489,2019-02-08,0.0
3490,2019-02-09,0.0
3491,2019-02-09,0.0
3492,2019-02-10,0.0
3493,2019-02-10,0.0
3494,2019-02-11,0.01
3495,2019-02-11,0.01
3496,2019-02-12,0.0
3497,2019-02-12,0.0
3498,2019-02-13,
3499,2019-02-13,
3500,2019-02-14,0.39
3501,2019-02-14,0.39
3502,2019-02-15,0.6
3503,2019-02-15,0.6
3504,2019-02-16,0.01
3505,2019-02-16,0.01
3506,2019-02-17,0.0
3507,2019-02-17,0.0
3508,2019-02-18,0.28
3509,2019-02-18,0.28
3510,2019-02-19,0.0
3511,2019-02-19,0.0
3512,2019-02-20,0.0
3513,2019-02-20,0.0
3514,2019-02-21,0.18
3515,2019-02-21,0.18
3516,2019-02-22,0.02
3517,2019-02-22,0.02
3518,2019-02-23,0.0
3519,2019-02-23,0.0
3520,2019-02-24,0.0
3521,2019-02-24,0.0
3522,2019-02-25,0.0
3523,2019-02-25,0.0
3524,2019-02-26,0.0
3525,2019-02-26,0.0
3526,2019-02-27,0.0
3527,2019-02-27,0.0
3528,2019-02-28,0.0
3529,2019-02-28,0.0
3530,2019-03-01,0.0
3531,2019-03-01,0.0
3532,2019-03-02,0.18
3533,2019-03-02,0.18
3534,2019-03-03,0.07
3535,2019-03-03,0.07
3536,2019-03-04,0.0
3537,2019-03-04,0.0
3538,2019-03-05,0.0
3539,2019-03-05,0.0
3540,2019-03-06,0.06
3541,2019-03-06,0.06
3542,2019-03-07,0.18
3543,2019-03-07,0.18
3544,2019-03-08,0.0
3545,2019-03-08,0.0
3546,2019-03-09,0.0
3547,2019-03-09,0.0
3548,2019-03-10,0.0
3549,2019-03-10,0.0
3550,2019-03-11,0.0
3551,2019-03-11,0.0
3552,2019-03-12,0.05
3553,2019-03-12,0.05
3554,2019-03-13,0.05
3555,2019-03-13,0.05
3556,2019-03-14,0.0
3557,2019-03-14,0.0
3558,2019-03-15,0.0
3559,2019-03-15,0.0
3560,2019-03-16,0.0
3561,2019-03-16,0.0
3562,2019-03-17,0.0
3563,2019-03-17,0.0
3564,2019-03-18,0.0
3565,2019-03-18,0.0
3566,2019-03-19,0.0
3567,2019-03-19,0.0
3568,2019-03-20,0.0
3569,2019-03-20,0.0
3570,2019-03-21,0.04
3571,2019-03-21,0.04
3572,2019-03-22,0.0
3573,2019-03-22,0.0
3574,2019-03-23,0.0
3575,2019-03-23,0.0
3576,2019-03-24,0.0
3577,2019-03-24,0.0
3578,2019-03-25,0.0
3579,2019-03-25,0.0
3580,2019-03-26,0.0
3581,2019-03-26,0.0
3582,2019-03-27,0.0
3583,2019-03-27,0.0
3584,2019-03-28,0.0
3585,2019-03-28,0.0
3586,2019-03-29,0.0
3587,2019-03-29,0.0
3588,2019-03-30,0.0
3589,2019-03-30,0.0
3590,2019-03-31,
3591,2019-03-31,
3592,2019-04-01,0.0
3593,2019-04-01,0.0
3594,2019-04-02,0.0
3595,2019-04-02,0.0
3596,2019-04-03,0.0
3597,2019-04-03,0.0
3598,2019-04-04,0.0
3599,2019-04-04,0.0
3600,2019-04-05,0.0
3601,2019-04-05,0.0
3602,2019-04-06,0.0
3603,2019-04-06,0.0
3604,2019-04-07,0.0
3605,2019-04-07,0.0
3606,2019-04-08,0.0
3607,2019-04-08,0.0
3608,2019-04-09,0.0
3609,2019-04-09,0.0
3610,2019-04-10,0.0
3611,2019-04-10,0.0
3612,2019-04-11,0.0
3613,2019-04-11,0.0
3614,2019-04-12,0.0
3615,2019-04-12,0.0
3616,2019-04-13,0.0
3617,2019-04-13,0.0
3618,2019-04-14,0.0
3619,2019-04-14,0.0
3620,2019-04-15,0.0
3621,2019-04-15,0.0
3622,2019-04-16,0.0
3623,2019-04-16,0.0
3624,2019-04-17,0.0
3625,2019-04-17,0.0
3626,2019-04-18,0.0
3627,2019-04-18,0.0
3628,2019-04-19,0.0
3629,2019-04-19,0.0
3630,2019-04-20,
3631,2019-04-20,
3632,2019-04-21,0.0
3633,2019-04-21,0.0
3634,2019-04-22,0.0
3635,2019-04-22,0.0
3636,2019-04-23,0.0
3637,2019-04-23,0.0
3638,2019-04-24,0.0
3639,2019-04-24,0.0
3640,2019-04-25,0.0
3641,2019-04-25,0.0
3642,2019-04-26,0.0
3643,2019-04-26,0.0
3644,2019-04-27,
3645,2019-04-27,
3646,2019-04-28,0.0
3647,2019-04-28,0.0
3648,2019-04-29,0.0
3649,2019-04-29,0.0
3650,2019-04-30,0.13
3651,2019-04-30,0.13
3652,2019-05-01,0.0
3653,2019-05-01,0.0
3654,2019-05-02,0.0
3655,2019-05-02,0.0
3656,2019-05-03,0.0
3657,2019-05-03,0.0
3658,2019-05-04,0.0
3659,2019-05-04,0.0
3660,2019-05-05,0.0
3661,2019-05-05,0.0
3662,2019-05-06,0.0
3663,2019-05-06,0.0
3664,2019-05-07,0.0
3665,2019-05-07,0.0
3666,2019-05-08,0.03
3667,2019-05-08,0.03
3668,2019-05-09,0.01
3669,2019-05-09,0.01
3670,2019-05-10,1.11
3671,2019-05-10,1.11
3672,2019-05-11,0.0
3673,2019-05-11,0.0
3674,2019-05-12,0.0
3675,2019-05-12,0.0
3676,2019-05-13,0.0
3677,2019-05-13,0.0
3678,2019-05-14,0.0
3679,2019-05-14,0.0
3680,2019-05-15,0.0
3681,2019-05-15,0.0
3682,2019-05-16,0.0
3683,2019-05-16,0.0
3684,2019-05-17,0.0
3685,2019-05-17,0.0
3686,2019-05-18,0.0
3687,2019-05-18,0.0
3688,2019-05-19,0.04
3689,2019-05-19,0.04
3690,2019-05-20,0.0
3691,2019-05-20,0.0
3692,2019-05-21,0.0
3693,2019-05-21,0.0
3694,2019-05-22,0.0
3695,2019-05-22,0.0
3696,2019-05-23,0.08
3697,2019-05-23,0.08
3698,2019-05-24,0.0
3699,2019-05-24,0.0
3700,2019-05-25,0.0
3701,2019-05-25,0.0
3702,2019-05-26,0.03
3703,2019-05-26,0.03
3704,2019-05-27,0.07
3705,2019-05-27,0.07
3706,2019-05-28,0.0
3707,2019-05-28,0.0
3708,2019-05-29,0.0
3709,2019-05-29,0.0
3710,2019-05-30,0.0
3711,2019-05-30,0.0
3712,2019-05-31,0.0
3713,2019-05-31,0.0
3714,2019-06-01,0.0
3715,2019-06-01,0.0
3716,2019-06-02,0.0
3717,2019-06-02,0.0
3718,2019-06-03,0.0
3719,2019-06-03,0.0
3720,2019-06-04,0.0
3721,2019-06-04,0.0
3722,2019-06-05,
3723,2019-06-05,
3724,2019-06-06,0.0
3725,2019-06-06,0.0
3726,2019-06-07,0.0
3727,2019-06-07,0.0
3728,2019-06-08,0.0
3729,2019-06-08,0.0
3730,2019-06-09,0.0
3731,2019-06-09,0.0
3732,2019-06-10,
3733,2019-06-10,
3734,2019-06-11,0.0
3735,2019-06-11,0.0
3736,2019-06-12,0.0
3737,2019-06-12,0.0
3738,2019-06-13,0.0
3739,2019-06-13,0.0
3740,2019-06-14,0.0
3741,2019-06-14,0.0
3742,2019-06-15,0.0
3743,2019-06-15,0.0
3744,2019-06-16,0.0
3745,2019-06-16,0.0
3746,2019-06-17,0.0
3747,2019-06-17,0.0
3748,2019-06-18,
3749,2019-06-18,
3750,2019-06-19,0.0
3751,2019-06-19,0.0
3752,2019-06-20,0.0
3753,2019-06-20,0.0
3754,2019-06-21,0.0
3755,2019-06-21,0.0
3756,2019-06-22,0.0
3757,2019-06-22,0.0
3758,2019-06-23,
3759,2019-06-23,
3760,2019-06-24,0.0
3761,2019-06-24,0.0
3762,2019-06-25,0.0
3763,2019-06-25,0.0
3764,2019-06-26,0.0
3765,2019-06-26,0.0
3766,2019-06-27,0.0
3767,2019-06-27,0.0
3768,2019-06-28,0.0
3769,2019-06-28,0.0
3770,2019-06-29,
3771,2019-06-29,
3772,2019-06-30,0.0
3773,2019-06-30,0.0
3774,2019-07-01,
3775,2019-07-01,
3776,2019-07-02,0.0
3777,2019-07-02,0.0
3778,2019-07-03,0.0
3779,2019-07-03,0.0
3780,2019-07-04,0.0
3781,2019-07-04,0.0
3782,2019-07-05,0.0
3783,2019-07-05,0.0
3784,2019-07-06,0.0
3785,2019-07-06,0.0
3786,2019-07-07,0.0
3787,2019-07-07,0.0
3788,2019-07-08,0.0
3789,2019-07-08,0.0
3790,2019-07-09,0.0
3791,2019-07-09,0.0
3792,2019-07-10,0.0
3793,2019-07-10,0.0
3794,2019-07-11,0.0
3795,2019-07-11,0.0
3796,2019-07-12,0.0
3797,2019-07-12,0.0
3798,2019-07-13,0.0
3799,2019-07-13,0.0
3800,2019-07-14,0.0
3801,2019-07-14,0.0
3802,2019-07-15,0.0
3803,2019-07-15,0.0
3804,2019-07-16,0.0
3805,2019-07-16,0.0
3806,2019-07-17,0.0
3807,2019-07-17,0.0
3808,2019-07-18,0.0
3809,2019-07-18,0.0
3810,2019-07-19,0.0
3811,2019-07-19,0.0
3812,2019-07-20,
3813,2019-07-20,
3814,2019-07-21,0.0
3815,2019-07-21,0.0
3816,2019-07-22,0.0
3817,2019-07-22,0.0
3818,2019-07-23,0.0
3819,2019-07-23,0.0
3820,2019-07-24,0.0
3821,2019-07-24,0.0
3822,2019-07-25,0.13
3823,2019-07-25,0.13
3824,2019-07-26,0.01
3825,2019-07-26,0.01
3826,2019-07-27,0.0
3827,2019-07-27,0.0
3828,2019-07-28,0.0
3829,2019-07-28,0.0
3830,2019-07-29,0.0
3831,2019-07-29,0.0
3832,2019-07-30,0.0
3833,2019-07-30,0.0
3834,2019-07-31,0.02
3835,2019-07-31,0.02
3836,2019-08-01,0.0
3837,2019-08-01,0.0
3838,2019-08-02,0.0
3839,2019-08-02,0.0
3840,2019-08-03,0.0
3841,2019-08-03,0.0
3842,2019-08-04,0.0
3843,2019-08-04,0.0
3844,2019-08-05,0.0
3845,2019-08-05,0.0
3846,2019-08-06,0.0
3847,2019-08-06,0.0
3848,2019-08-07,0.0
3849,2019-08-07,0.0
3850,2019-08-08,0.0
3851,2019-08-08,0.0
3852,2019-08-09,0.0
3853,2019-08-09,0.0
3854,2019-08-10,0.0
3855,2019-08-10,0.0
3856,2019-08-11,0.0
3857,2019-08-11,0.0
3858,2019-08-12,0.0
3859,2019-08-12,0.0
3860,2019-08-13,0.0
3861,2019-08-13,0.0
3862,2019-08-14,
3863,2019-08-14,
3864,2019-08-15,0.0
3865,2019-08-15,0.0
3866,2019-08-16,0.0
3867,2019-08-16,0.0
3868,2019-08-17,
3869,2019-08-17,
3870,2019-08-18,0.0
3871,2019-08-18,0.0
3872,2019-08-19,0.0
3873,2019-08-19,0.0
3874,2019-08-20,0.0
3875,2019-08-20,0.0
3876,2019-08-21,0.0
3877,2019-08-21,0.0
3878,2019-08-22,0.0
3879,2019-08-22,0.0
3880,2019-08-23,0.0
3881,2019-08-23,0.0
3882,2019-08-24,0.0
3883,2019-08-24,0.0
3884,2019-08-25,0.0
3885,2019-08-25,0.0
3886,2019-08-26,0.0
3887,2019-08-26,0.0
3888,2019-08-27,0.0
3889,2019-08-27,0.0
3890,2019-08-28,0.0
3891,2019-08-28,0.0
3892,2019-08-29,
3893,2019-08-29,
3894,2019-08-30,0.0
3895,2019-08-30,0.0
3896,2019-08-31,0.0
3897,2019-08-31,0.0
3898,2019-09-01,0.0
3899,2019-09-01,0.0
3900,2019-09-02,
3901,2019-09-02,
3902,2019-09-03,0.0
3903,2019-09-03,0.0
3904,2019-09-04,0.0
3905,2019-09-04,0.0
3906,2019-09-05,
3907,2019-09-05,
3908,2019-09-06,0.05
3909,2019-09-06,0.05
3910,2019-09-07,0.0
3911,2019-09-07,0.0
3912,2019-09-08,
3913,2019-09-08,
3914,2019-09-09,
3915,2019-09-09,
3916,2019-09-10,0.0
3917,2019-09-10,0.0
3918,2019-09-11,0.0
3919,2019-09-11,0.0
3920,2019-09-12,0.0
3921,2019-09-12,0.0
3922,2019-09-13,0.0
3923,2019-09-13,0.0
3924,2019-09-14,0.0
3925,2019-09-14,0.0
3926,2019-09-15,
3927,2019-09-15,
3928,2019-09-16,0.0
3929,2019-09-16,0.0
3930,2019-09-17,0.0
3931,2019-09-17,0.0
3932,2019-09-18,
3933,2019-09-18,
3934,2019-09-19,0.0
3935,2019-09-19,0.0
3936,2019-09-20,0.0
3937,2019-09-20,0.0
3938,2019-09-21,0.0
3939,2019-09-21,0.0
3940,2019-09-22,0.0
3941,2019-09-22,0.0
3942,2019-09-23,0.0
3943,2019-09-23,0.0
3944,2019-09-24,0.0
3945,2019-09-24,0.0
3946,2019-09-25,0.0
3947,2019-09-25,0.0
3948,2019-09-26,0.0
3949,2019-09-26,0.0
3950,2019-09-27,0.0
3951,2019-09-27,0.0
3952,2019-09-28,0.0
3953,2019-09-28,0.0
3954,2019-09-29,0.0
3955,2019-09-29,0.0
3956,2019-09-30,
3957,2019-09-30,
3958,2019-10-01,0.0
3959,2019-10-01,0.0
3960,2019-10-02,0.0
3961,2019-10-02,0.0
3962,2019-10-03,0.0
3963,2019-10-03,0.0
3964,2019-10-04,0.0
3965,2019-10-04,0.0
3966,2019-10-05,0.0
3967,2019-10-05,0.0
3968,2019-10-06,0.0
3969,2019-10-06,0.0
3970,2019-10-07,0.0
3971,2019-10-07,0.0
3972,2019-10-08,0.0
3973,2019-10-08,0.0
3974,2019-10-09,0.0
3975,2019-10-09,0.0
3976,2019-10-10,0.0
3977,2019-10-10,0.0
3978,2019-10-11,0.0
3979,2019-10-11,0.0
3980,2019-10-12,0.0
3981,2019-10-12,0.0
3982,2019-10-13,0.0
3983,2019-10-13,0.0
3984,2019-10-14,0.0
3985,2019-10-14,0.0
3986,2019-10-15,0.0
3987,2019-10-15,0.0
3988,2019-10-16,0.0
3989,2019-10-16,0.0
3990,2019-10-17,0.0
3991,2019-10-17,0.0
3992,2019-10-18,0.0
3993,2019-10-18,0.0
3994,2019-10-19,0.0
3995,2019-10-19,0.0
3996,2019-10-20,0.0
3997,2019-10-20,0.0
3998,2019-10-21,0.0
3999,2019-10-21,0.0
4000,2019-10-22,0.0
4001,2019-10-22,0.0
4002,2019-10-23,0.0
4003,2019-10-23,0.0
4004,2019-10-24,0.0
4005,2019-10-24,0.0
4006,2019-10-25,0.0
4007,2019-10-25,0.0
4008,2019-10-26,0.0
4009,2019-10-26,0.0
4010,2019-10-27,0.0
4011,2019-10-27,0.0
4012,2019-10-28,0.0
4013,2019-10-28,0.0
4014,2019-10-29,0.0
4015,2019-10-29,0.0
4016,2019-10-30,0.0
4017,2019-10-30,0.0
4018,2019-10-31,0.0
4019,2019-10-31,0.0
4020,2019-11-01,0.0
4021,2019-11-01,0.0
4022,2019-11-02,0.0
4023,2019-11-02,0.0
4024,2019-11-03,0.0
4025,2019-11-03,0.0
4026,2019-11-04,0.0
4027,2019-11-04,0.0
4028,2019-11-05,0.0
4029,2019-11-05,0.0
4030,2019-11-06,0.0
4031,2019-11-06,0.0
4032,2019-11-07,0.0
4033,2019-11-07,0.0
4034,2019-11-08,
4035,2019-11-08,
4036,2019-11-09,0.0
4037,2019-11-09,0.0
4038,2019-11-10,0.0
4039,2019-11-10,0.0
4040,2019-11-11,0.0
4041,2019-11-11,0.0
4042,2019-11-12,0.0
4043,2019-11-12,0.0
4044,2019-11-13,0.0
4045,2019-11-13,0.0
4046,2019-11-14,0.0
4047,2019-11-14,0.0
4048,2019-11-15,0.0
4049,2019-11-15,0.0
4050,2019-11-16,0.0
4051,2019-11-16,0.0
4052,2019-11-17,0.0
4053,2019-11-17,0.0
4054,2019-11-18,0.0
4055,2019-11-18,0.0
4056,2019-11-19,0.0
4057,2019-11-19,0.0
4058,2019-11-20,1.78
4059,2019-11-20,1.78
4060,2019-11-21,0.27
4061,2019-11-21,0.27
4062,2019-11-22,0.03
4063,2019-11-22,0.03
4064,2019-11-23,0.0
4065,2019-11-23,0.0
4066,2019-11-24,0.0
4067,2019-11-24,0.0
4068,2019-11-25,0.0
4069,2019-11-25,0.0
4070,2019-11-26,0.0
4071,2019-11-26,0.0
4072,2019-11-27,0.0
4073,2019-11-27,0.0
4074,2019-11-28,
4075,2019-11-28,
4076,2019-11-29,0.66
4077,2019-11-29,0.66
4078,2019-11-30,0.04
4079,2019-11-30,0.04
4080,2019-12-01,0.0
4081,2019-12-01,0.0
4082,2019-12-02,0.0
4083,2019-12-02,0.0
4084,2019-12-03,0.0
4085,2019-12-03,0.0
4086,2019-12-04,0.0
4087,2019-12-04,0.0
4088,2019-12-05,0.7
4089,2019-12-05,0.7
4090,2019-12-06,0.0
4091,2019-12-06,0.0
4092,2019-12-07,0.0
4093,2019-12-07,0.0
4094,2019-12-08,0.0
4095,2019-12-08,0.0
4096,2019-12-09,0.0
4097,2019-12-09,0.0
4098,2019-12-10,0.0
4099,2019-12-10,0.0
4100,2019-12-11,0.0
4101,2019-12-11,0.0
4102,2019-12-12,0.0
4103,2019-12-12,0.0
4104,2019-12-13,0.0
4105,2019-12-13,0.0
4106,2019-12-14,0.0
4107,2019-12-14,0.0
4108,2019-12-15,0.0
4109,2019-12-15,0.0
4110,2019-12-16,0.0
4111,2019-12-16,0.0
4112,2019-12-17,0.0
4113,2019-12-17,0.0
4114,2019-12-18,
4115,2019-12-18,
4116,2019-12-19,0.0
4117,2019-12-19,0.0
4118,2019-12-20,0.0
4119,2019-12-20,0.0
4120,2019-12-21,0.0
4121,2019-12-21,0.0
4122,2019-12-22,0.0
4123,2019-12-22,0.0
4124,2019-12-23,
4125,2019-12-23,
4126,2019-12-24,0.04
4127,2019-12-24,0.04
4128,2019-12-25,0.0
4129,2019-12-25,0.0
4130,2019-12-26,0.07
4131,2019-12-26,0.07
4132,2019-12-27,0.57
4133,2019-12-27,0.57
4134,2019-12-28,0.04
4135,2019-12-28,0.04
4136,2019-12-29,0.0
4137,2019-12-29,0.0
4138,2019-12-30,0.0
4139,2019-12-30,0.0
4140,2019-12-31,
4141,2019-12-31,
4142,2020-01-01,
4143,2020-01-01,
4144,2020-01-02,0.0
4145,2020-01-02,0.0
4146,2020-01-03,0.0
4147,2020-01-03,0.0
4148,2020-01-04,0.0
4149,2020-01-04,0.0
4150,2020-01-05,0.0
4151,2020-01-05,0.0
4152,2020-01-06,0.0
4153,2020-01-06,0.0
4154,2020-01-07,0.0
4155,2020-01-07,0.0
4156,2020-01-08,0.0
4157,2020-01-08,0.0
4158,2020-01-09,0.0
4159,2020-01-09,0.0
4160,2020-01-10,0.0
4161,2020-01-10,0.0
4162,2020-01-11,0.0
4163,2020-01-11,0.0
4164,2020-01-12,0.0
4165,2020-01-12,0.0
4166,2020-01-13,0.0
4167,2020-01-13,0.0
4168,2020-01-14,0.0
4169,2020-01-14,0.0
4170,2020-01-15,0.0
4171,2020-01-15,0.0
4172,2020-01-16,0.0
4173,2020-01-16,0.0
4174,2020-01-17,0.0
4175,2020-01-17,0.0
4176,2020-01-18,0.0
4177,2020-01-18,0.0
4178,2020-01-19,0.0
4179,2020-01-19,0.0
4180,2020-01-20,0.0
4181,2020-01-20,0.0
4182,2020-01-21,0.0
4183,2020-01-21,0.0
4184,2020-01-22,0.0
4185,2020-01-22,0.0
4186,2020-01-23,0.0
4187,2020-01-23,0.0
4188,2020-01-24,0.0
4189,2020-01-24,0.0
4190,2020-01-25,0.0
4191,2020-01-25,0.0
4192,2020-01-26,0.0
4193,2020-01-26,0.0
4194,2020-01-27,0.0
4195,2020-01-27,0.0
4196,2020-01-28,0.0
4197,2020-01-28,0.0
4198,2020-01-29,0.0
4199,2020-01-29,0.0
4200,2020-01-30,0.0
4201,2020-01-30,0.0
4202,2020-01-31,0.0
4203,2020-01-31,0.0
4204,2020-02-01,0.0
4205,2020-02-01,0.0
4206,2020-02-02,0.0
4207,2020-02-02,0.0
4208,2020-02-03,
4209,2020-02-03,
4210,2020-02-04,0.0
4211,2020-02-04,0.0
4212,2020-02-05,0.0
4213,2020-02-05,0.0
4214,2020-02-06,0.0
4215,2020-02-06,0.0
4216,2020-02-07,0.0
4217,2020-02-07,0.0
4218,2020-02-08,0.0
4219,2020-02-08,0.0
4220,2020-02-09,
4221,2020-02-09,
4222,2020-02-10,0.03
4223,2020-02-10,0.03
4224,2020-02-11,0.0
4225,2020-02-11,0.0
4226,2020-02-12,0.0
4227,2020-02-12,0.0
4228,2020-02-13,0.0
4229,2020-02-13,0.0
4230,2020-02-14,0.0
4231,2020-02-14,0.0
4232,2020-02-15,0.0
4233,2020-02-15,0.0
4234,2020-02-16,0.0
4235,2020-02-16,0.0
4236,2020-02-17,
4237,2020-02-17,
4238,2020-02-18,
4239,2020-02-18,
4240,2020-02-19,
4241,2020-02-19,
4242,2020-02-20,0.0
4243,2020-02-20,0.0
4244,2020-02-21,
4245,2020-02-21,
4246,2020-02-22,
4247,2020-02-22,
4248,2020-02-23,0.45
4249,2020-02-23,0.45
4250,2020-02-24,0.0
4251,2020-02-24,0.0
4252,2020-02-25,0.0
4253,2020-02-25,0.0
4254,2020-02-26,
4255,2020-02-26,
4256,2020-02-27,0.0
4257,2020-02-27,0.0
4258,2020-02-28,0.0
4259,2020-02-28,0.0
4260,2020-02-29,0.0
4261,2020-02-29,0.0
4262,2020-03-01,0.0
4263,2020-03-01,0.0
